"File","Bytes","SHA256"
".gitattributes","122","4C6607208AA1DFA0C52B69B58FB77BAF38AF50ADC463E052B84F0A45A4120F35"
".gitignore","294","A9F48D876E6F8E6B4D924A66F937BABCC182AA74C732241647BE8148E0C38AD4"
"AndroidManifest-decodificado.xml","4657","AE3EAC166323C4BC00149E3B28D73BAA2ACB00D32149AC7890546FB4F0C505A1"
"artifacts/analise-nativa-simbolos.zip","54688","87D010B6B35F96D3570AC36C87B652260B6682B5DA975CE23847A6E72D28BDCD"
"artifacts/apktool-smali-recursos-sanitizado.zip","20324864","072868399D0E860519BD2D970C7F638B8AEE6529611014E72659F25612DA4CD6"
"artifacts/codigo-java-recursos-sanitizado.zip","15463116","4B15D540253A79E19429C6F7E44E7A83EACB8E4B28D414FCCB2C4DE14911A111"
"code/frontend/AssetInstaller.java","10129","B72F6D88F33C2B985527AAF41F66CE77721DA6C18C8DB787AFE8EE744A54F748"
"code/frontend/C0515R.java","13026","35290F4B91F6DEE570A82FA68C5F5660CA839C6A17156D0AE31E1B43177EA126"
"code/frontend/DownloadService.java","8074","7584EE548807A40776929DC416C3CC9E4E961425A97676D75B138A315D930B98"
"code/frontend/ESActivity.java","46157","CEB3C8E135789B7361E92D98A56CFE29E04AAB56E842F4EEA35447AEB9FC8E81"
"code/frontend/GameLauncher.java","3747","513CE069C1E0367BE307B2033D2F7DC6DBD414B2906D9E1621023299665A8EDE"
"code/frontend/HttpBridge.java","60934","F53A5ADBE8B0824EC9BE3905B464CD62F3BC167CF1F54E278402E9E28FDD7B8A"
"code/frontend/ImageBridge.java","1919","2630A81CA58A8C379D8214A8B70E95C5786D6BFEDBE8633CF540D81A87A378B2"
"code/frontend/LoadingOverlay.java","5171","B7F996FE68BF3042755111B670C73D0D68AD72387B0A062BA26145A4CEE7FAF8"
"code/frontend/RestartActivity.java","730","2F69FE4491046F2F18B053C60723FE84B3D92C1E9F556240192AD9FC2760D014"
"data/exclusoes-publicacao.csv","32536","184B791025DE61FAE474A88F4E164D8441C807A343551F004763B3797CBAA08F"
"data/hashes-componentes.csv","49589","4F635AB2948103157CCC0AB12F1923E0106E3682074154E86888B11543D2A62A"
"data/inventario-arquivos.csv","39748","7CF86318E865CF53BD11A3BF8C411C01302527EB84396ACB4495646A2627D63D"
"data/nomes-mame.csv","2021116","8BE9EBAC255699BFDB17C395890C420F644B0D4F46465C074A4C8912AFE98D19"
"data/servidores.csv","2098","76693AB686196C5DA3C73749F89C344565282993A63A8385DD57C8686FF75168"
"data/sistemas-suportados.csv","4843","69F845994E69B0CDF3EFAFADC176ABC14A15E4A820DA6F3083A7830FDD00F6F8"
"docs/HANDOFF.md","4388","0580DCFB118071D1AC9C55C3C747AB10FAD0D44A9056F464C48D36566183CCD9"
"docs/PUBLICACAO.md","4726","25EB3AE2354D8966EE81BFFD7B019546FB0317C8A9A397E14DDDD6B884E4E349"
"docs/RELATORIO-TECNICO.md","14519","872737FED14A34C6F9E6265413DD62AC48F64CE8B74450F1822DAAF3C52C6FF4"
"README.md","3884","E088A3F232DBB4AD7DFEF4D6C3B0DF3BCD1E1A5485736B89ADE003EEB87EB5C0"
"scripts/Parse-Catalog.ps1","1889","2D7659582CB011EDF8F50F84509E9C2A79380D9EEBA92C8E22F8E6D2A8EFFE5A"
