"Name","OriginalSha256","LocalSha256","Changed"
"META-INF/com/android/build/gradle/app-metadata.properties","C007795180CE28378CC6F417B976DCB2AF35DF84CA806FD2847B5EC70A1270DB","C007795180CE28378CC6F417B976DCB2AF35DF84CA806FD2847B5EC70A1270DB","False"
"classes2.dex","90280BE9D438AE3D925BBB233DBA18554DB14279B35847A6F4F34604A16FC440","90280BE9D438AE3D925BBB233DBA18554DB14279B35847A6F4F34604A16FC440","False"
"classes4.dex","FA31B52E13C3AE1864F4CF12D5E0F212F495E50A458825FF18800E1AD02F86A6","C318C610F5D86C9180A259CA3EBDD7D0D9C803F1DFC6596801FD520C107D5FDB","True"
"classes5.dex","D6FB4101E89071A6A684411A7A1D1EC93C947DE26B290BB1A476D203DA12752A","D6FB4101E89071A6A684411A7A1D1EC93C947DE26B290BB1A476D203DA12752A","False"
"assets/bios/pcsx2/bios/SCPH-70012_BIOS_V12_USA_200.BIN","6D23D001DAF2A0FA8B381A5D49F51753C36E3622D0F04BE46AF1A0C548BE4744","6D23D001DAF2A0FA8B381A5D49F51753C36E3622D0F04BE46AF1A0C548BE4744","False"
"assets/bios/pcsx2/bios/SCPH-70012_BIOS_V12_USA_200.MEC","FBBFC6C156266AC7E9AFB37F0CC53FB78FADF2F09F580E56B2DA57E6539E463B","FBBFC6C156266AC7E9AFB37F0CC53FB78FADF2F09F580E56B2DA57E6539E463B","False"
"assets/bios/pcsx2/bios/SCPH-70012_BIOS_V12_USA_200.NVM","5EC0F857BDCF888A9BBDA0641D97066ABAA286B6604D38AFD51ED857C9E086E5","5EC0F857BDCF888A9BBDA0641D97066ABAA286B6604D38AFD51ED857C9E086E5","False"
"assets/bios/suyu/keys/prod.keys","4B580863066735C0C1F663DC3404530BE69B011F8571D7EABB6281350B2E456B","4B580863066735C0C1F663DC3404530BE69B011F8571D7EABB6281350B2E456B","False"
"assets/bios/suyu/keys/title.keys","D84307EFE107B48742E23B6184344E274A7349CB3869CE9DB77CDE082A397CEA","D84307EFE107B48742E23B6184344E274A7349CB3869CE9DB77CDE082A397CEA","False"
"assets/resources/arrow.svg","CC27E2D608C91569A601C4DE990525C3B80538E68A814B5F54244FC2CAB29DE8","CC27E2D608C91569A601C4DE990525C3B80538E68A814B5F54244FC2CAB29DE8","False"
"assets/resources/busy_0.svg","A7E3025492D9C2F94D8B33BE4269391AB4BE26D37C2A764E10EBB290635E3E95","A7E3025492D9C2F94D8B33BE4269391AB4BE26D37C2A764E10EBB290635E3E95","False"
"assets/resources/busy_1.svg","617ECB598C0A5C6733DE99D467E559C6740107DBDD2B6941FCB2C3A784787F90","617ECB598C0A5C6733DE99D467E559C6740107DBDD2B6941FCB2C3A784787F90","False"
"assets/resources/busy_2.svg","E6B87FC2E1C70C1613B1C87C6D82BB4E7934F6C816C108AB8FBF2E76CEECA0AB","E6B87FC2E1C70C1613B1C87C6D82BB4E7934F6C816C108AB8FBF2E76CEECA0AB","False"
"assets/resources/busy_3.svg","1FC9F42C2901FD47C696DEB079B4B797A307AF4ABE2EA9BB05DCF9C5E8017991","1FC9F42C2901FD47C696DEB079B4B797A307AF4ABE2EA9BB05DCF9C5E8017991","False"
"assets/resources/button.png","6B970A05949426CE9B844A700ADDCB5B9E98530569667E2FE85C0ACC349E435A","6B970A05949426CE9B844A700ADDCB5B9E98530569667E2FE85C0ACC349E435A","False"
"assets/resources/button_filled.png","6ED3F6F2E3B677C7FFBCFB2CAB9A6D71DB0B898B65246F8D8E5793B1878475B5","6ED3F6F2E3B677C7FFBCFB2CAB9A6D71DB0B898B65246F8D8E5793B1878475B5","False"
"assets/resources/cartridge.svg","EC5CC868A96B3530D4B257BD391A864FEE584C6816448B4EB8BBD85C410EB151","EC5CC868A96B3530D4B257BD391A864FEE584C6816448B4EB8BBD85C410EB151","False"
"assets/resources/checkbox_checked.svg","13A02E5A25FA523336A9A3AA9B4C478236C82541880494B83658CD77F2FCDDFC","13A02E5A25FA523336A9A3AA9B4C478236C82541880494B83658CD77F2FCDDFC","False"
"assets/resources/checkbox_unchecked.svg","7F94F4BA6E6834EBBD1D2BFE6DF1B967ED7C0AAF16543F022ECBC72BA89E7DF1","7F94F4BA6E6834EBBD1D2BFE6DF1B967ED7C0AAF16543F022ECBC72BA89E7DF1","False"
"assets/resources/fav_add.svg","5D65264147545C4AA2B6DA3013FA5D66492BDC6C541064B0BFAE2AD4B30CCAF4","5D65264147545C4AA2B6DA3013FA5D66492BDC6C541064B0BFAE2AD4B30CCAF4","False"
"assets/resources/fav_remove.svg","8DF1F1D26E8D8F2B0E32D534D49B53F4559269B15535909AD8CE8D639B3680C9","8DF1F1D26E8D8F2B0E32D534D49B53F4559269B15535909AD8CE8D639B3680C9","False"
"assets/resources/folder.svg","95220D21D5EB89023ADFC449CBA91688EC52E45C214974E0E3AEBF821853AE46","95220D21D5EB89023ADFC449CBA91688EC52E45C214974E0E3AEBF821853AE46","False"
"assets/resources/frame.png","912F45F7CD479B54DF5250CD1762CDF9BA456A396D8A03FE895B64F59E80544C","912F45F7CD479B54DF5250CD1762CDF9BA456A396D8A03FE895B64F59E80544C","False"
"assets/resources/heart_filled.svg","76239E08B14B1E804B63E3FA044385F81373EA8BB97848ABBF09B0793346309D","76239E08B14B1E804B63E3FA044385F81373EA8BB97848ABBF09B0793346309D","False"
"assets/resources/help/analog_down.svg","4289BD120A762EEA5CD2370F7578527A3F7656BC0710C5C71AD7E2C4D18F5962","4289BD120A762EEA5CD2370F7578527A3F7656BC0710C5C71AD7E2C4D18F5962","False"
"assets/resources/help/analog_left.svg","3619515BCD9B35EE40E8BF5822E13E022A31692CA1CD1F083D35A46ABE62D5F5","3619515BCD9B35EE40E8BF5822E13E022A31692CA1CD1F083D35A46ABE62D5F5","False"
"assets/resources/help/analog_right.svg","0C5CB1E5A099AE7DB425E39D6B1E61649FF72577A0A1A6412BDF87BF9F5FA2B7","0C5CB1E5A099AE7DB425E39D6B1E61649FF72577A0A1A6412BDF87BF9F5FA2B7","False"
"assets/resources/help/analog_stick.svg","2B5C3C304C3F5E808355575F246CE310D6890BEDFEA6A961BBEB3A52E52E5107","2B5C3C304C3F5E808355575F246CE310D6890BEDFEA6A961BBEB3A52E52E5107","False"
"assets/resources/help/analog_thumb.svg","4E7ACC9A3977FA140FADCBFC2AAD4F6B82EF2BEB463678F194BEF36F4444C2C4","4E7ACC9A3977FA140FADCBFC2AAD4F6B82EF2BEB463678F194BEF36F4444C2C4","False"
"assets/resources/help/analog_up.svg","089FC5307078FB941439C57DF035BAE9DEAE77106DD9E92BC17B852A0A1B0386","089FC5307078FB941439C57DF035BAE9DEAE77106DD9E92BC17B852A0A1B0386","False"
"assets/resources/help/button_1.svg","CD6ED522EE94B49EF135051B3613B282F6990060214690704730C6952F3AEBC6","CD6ED522EE94B49EF135051B3613B282F6990060214690704730C6952F3AEBC6","False"
"assets/resources/help/button_2.svg","D0E4DA420634466E035C9950EACB008497BD9E0819DA84FF3E334E3F001C837C","D0E4DA420634466E035C9950EACB008497BD9E0819DA84FF3E334E3F001C837C","False"
"assets/resources/help/button_3.svg","2E5993ABE414D9348800387A0935C35750053F16FBA249B200C0F3C090A4B470","2E5993ABE414D9348800387A0935C35750053F16FBA249B200C0F3C090A4B470","False"
"assets/resources/help/button_4.svg","D64E20ECCE102A2DDDD4EDC56CB01D20E3F163ED7A4B39AC7443FAABDDF7650B","D64E20ECCE102A2DDDD4EDC56CB01D20E3F163ED7A4B39AC7443FAABDDF7650B","False"
"assets/resources/help/button_a.svg","C76C2CF0CB4BA7A6BB72F0E136A1BC95A1867290DFF763C8410292860704D97A","C76C2CF0CB4BA7A6BB72F0E136A1BC95A1867290DFF763C8410292860704D97A","False"
"assets/resources/help/button_b.svg","34CE5D8DEA2790ABD501CFA180D5D0CAFCBEB626325F195B9C0C08347F3A021F","34CE5D8DEA2790ABD501CFA180D5D0CAFCBEB626325F195B9C0C08347F3A021F","False"
"assets/resources/help/button_circle.svg","904C6AF0398A517EE9D5F0F5852DC3844D3D339ECCE603E16E822ADAEBBEE239","904C6AF0398A517EE9D5F0F5852DC3844D3D339ECCE603E16E822ADAEBBEE239","False"
"assets/resources/help/button_cross.svg","D1DD9E4A16212B9BE580D13A5FE0A9088ABF07D13A200F8610E0EB30D7E9F173","D1DD9E4A16212B9BE580D13A5FE0A9088ABF07D13A200F8610E0EB30D7E9F173","False"
"assets/resources/help/button_hotkey.svg","C789E7B1BB036D06218B3280D5BEF42CB91E2EA397AAFABA9865C20693017EF7","C789E7B1BB036D06218B3280D5BEF42CB91E2EA397AAFABA9865C20693017EF7","False"
"assets/resources/help/button_l.svg","57925E7E24F88BE717BEF706AEFC924027B81630EF244D3D1758C7A21FB93A0A","57925E7E24F88BE717BEF706AEFC924027B81630EF244D3D1758C7A21FB93A0A","False"
"assets/resources/help/button_lr.svg","3489ED09DD032014765D5A4EF0848F7E28385D17D7D6A2F5FD8AE0D4D1304033","3489ED09DD032014765D5A4EF0848F7E28385D17D7D6A2F5FD8AE0D4D1304033","False"
"assets/resources/help/button_lt.svg","7A730F06C5DCF04E3C141323698C4A729ECFD93A900005467CA3A9FA17FA6758","7A730F06C5DCF04E3C141323698C4A729ECFD93A900005467CA3A9FA17FA6758","False"
"assets/resources/help/button_r.svg","70EABA75F6E5CADF66D3EEEAC7EAE3D6FE598ACE6EECA3C21147BECBE9EB25FB","70EABA75F6E5CADF66D3EEEAC7EAE3D6FE598ACE6EECA3C21147BECBE9EB25FB","False"
"assets/resources/help/button_rt.svg","4C80838C0B357635ADE7E7EB0F2EF514547429F02E56AB137858EA2D1E49A104","4C80838C0B357635ADE7E7EB0F2EF514547429F02E56AB137858EA2D1E49A104","False"
"assets/resources/help/button_select.svg","16325BA2F8F1DB3ACD3DF496EF41D8B4C3C3C13A27023BA2E4C347F9BDAA1E4E","16325BA2F8F1DB3ACD3DF496EF41D8B4C3C3C13A27023BA2E4C347F9BDAA1E4E","False"
"assets/resources/help/button_square.svg","43BA1D4D23FC9C594757956A0841FD93187689670A5F2447A80B1B494297C375","43BA1D4D23FC9C594757956A0841FD93187689670A5F2447A80B1B494297C375","False"
"assets/resources/help/button_start.svg","807CBF1372DC8E6E15BD1AC730B94C0F4E08E66EF02857A11A97D7CD318240CA","807CBF1372DC8E6E15BD1AC730B94C0F4E08E66EF02857A11A97D7CD318240CA","False"
"assets/resources/help/button_triangle.svg","9B2158524203D18C52CD567F8237826FC9652A9FED053EAC38BF8E253BAFA798","9B2158524203D18C52CD567F8237826FC9652A9FED053EAC38BF8E253BAFA798","False"
"assets/resources/help/button_x.svg","6AA231627D51A8373B9F28D657A09986C2CA005D096C1FAC63DF9939072036B3","6AA231627D51A8373B9F28D657A09986C2CA005D096C1FAC63DF9939072036B3","False"
"assets/resources/help/button_y.svg","811F0FAEFEA4D025CDC36550CC8A8BCDA98543DCB2A343059EDBE218A8F06231","811F0FAEFEA4D025CDC36550CC8A8BCDA98543DCB2A343059EDBE218A8F06231","False"
"assets/resources/help/buttons_east.svg","E4716809A67DA7D20E9A657CE2C51DC5250CA7D2525BA9D996D81CFF93B4E0C0","E4716809A67DA7D20E9A657CE2C51DC5250CA7D2525BA9D996D81CFF93B4E0C0","False"
"assets/resources/help/buttons_north.svg","CBAF4E8917A41CD53DB388E9D04D6DA56E936989FA04B9322ADEF9EDF826BCE5","CBAF4E8917A41CD53DB388E9D04D6DA56E936989FA04B9322ADEF9EDF826BCE5","False"
"assets/resources/help/buttons_south.svg","F6E27A34CADC8DB8D4A823CBF3DA3C80C3B22064819ECC9D16041BA7F2A9914B","F6E27A34CADC8DB8D4A823CBF3DA3C80C3B22064819ECC9D16041BA7F2A9914B","False"
"assets/resources/help/buttons_west.svg","2EB48364F944CC88941D7F073E47065A432CD11EC879590F6458561AE2F0BF8D","2EB48364F944CC88941D7F073E47065A432CD11EC879590F6458561AE2F0BF8D","False"
"assets/resources/help/dpad_all.svg","9362006F002DC501ECB8C66F5F6ACE6347E770D5AA2FD4CFCDA38EF9B905EEF5","9362006F002DC501ECB8C66F5F6ACE6347E770D5AA2FD4CFCDA38EF9B905EEF5","False"
"assets/resources/help/dpad_down.svg","7CB652D549CDDEB3552D3863780918FE887A4FC412BDE441D44BA4FE1731B527","7CB652D549CDDEB3552D3863780918FE887A4FC412BDE441D44BA4FE1731B527","False"
"assets/resources/help/dpad_left.svg","707DFCA5B35AA21AC3B45FB47A8BEC707E8E44B2877B1D3139A0D76153E39F02","707DFCA5B35AA21AC3B45FB47A8BEC707E8E44B2877B1D3139A0D76153E39F02","False"
"assets/resources/help/dpad_leftright.svg","F979807B78AAAAB949D92597422A29FC7B0726E648B7A0A2EC779343DE790FAF","F979807B78AAAAB949D92597422A29FC7B0726E648B7A0A2EC779343DE790FAF","False"
"assets/resources/help/dpad_right.svg","4DA1D32F16732D9DC193030943DD6415F25619368327F0F50C5FB065A8D68111","4DA1D32F16732D9DC193030943DD6415F25619368327F0F50C5FB065A8D68111","False"
"assets/resources/help/dpad_up.svg","2EAE419B6CD4FFD329337C96C83B192904A7F762003DE01203E898210E413355","2EAE419B6CD4FFD329337C96C83B192904A7F762003DE01203E898210E413355","False"
"assets/resources/help/dpad_updown.svg","769604C44F5FAD2EFCB896F9488BDC9E9602538A93681AF938C90BF19264DDB9","769604C44F5FAD2EFCB896F9488BDC9E9602538A93681AF938C90BF19264DDB9","False"
"assets/resources/mamebioses.xml","508C689CA12ECAACEE6403FA4EA1267EAABEA169580D36A14D01C3608A44CF23","508C689CA12ECAACEE6403FA4EA1267EAABEA169580D36A14D01C3608A44CF23","False"
"assets/resources/mamedevices.xml","06597B4716EBD73367F2E32CE43A27A3F603B0D17992CB05B320D92A03DF18F1","06597B4716EBD73367F2E32CE43A27A3F603B0D17992CB05B320D92A03DF18F1","False"
"assets/resources/mamenames.xml","DCBD2E3EE0FD6A30CABBB76413C7139B3F63D179F4EC0CED5360000FCEF7974E","DCBD2E3EE0FD6A30CABBB76413C7139B3F63D179F4EC0CED5360000FCEF7974E","False"
"assets/resources/mameres.py","F6AC2D54907D4EA6EA353D7BD532412FA9B57D0CFB4F3993237AD3627E57E8E0","F6AC2D54907D4EA6EA353D7BD532412FA9B57D0CFB4F3993237AD3627E57E8E0","False"
"assets/resources/off.svg","DB28076457FC568A17962379B9251DCEA5C0BF051024DE21048BAB3D7C39A218","DB28076457FC568A17962379B9251DCEA5C0BF051024DE21048BAB3D7C39A218","False"
"assets/resources/on.svg","00DEE30AA7269127A418ECE6C9F79C1A5918C5BD7FC7F940DC134556723D846E","00DEE30AA7269127A418ECE6C9F79C1A5918C5BD7FC7F940DC134556723D846E","False"
"assets/resources/opensans_hebrew_condensed_light.ttf","08BB0621BFF55FC6038CA9FACD6169A44683F10697250BB15D4A50392E3E6F28","08BB0621BFF55FC6038CA9FACD6169A44683F10697250BB15D4A50392E3E6F28","False"
"assets/resources/opensans_hebrew_condensed_regular.ttf","D123E83CBF90671D90EC1531BBC73715B53188510454D2961322F48CA05B35A1","D123E83CBF90671D90EC1531BBC73715B53188510454D2961322F48CA05B35A1","False"
"assets/resources/option_arrow.svg","D9FC2AAFB9C5269BF16C0850926320C339527EEE5A5166F4D99F200C87DC20A7","D9FC2AAFB9C5269BF16C0850926320C339527EEE5A5166F4D99F200C87DC20A7","False"
"assets/resources/profile_mockup.png","7F15496857AB308DE9E6831DD7A1CE673745585A13D3DD1517F7553948D2742C","7F15496857AB308DE9E6831DD7A1CE673745585A13D3DD1517F7553948D2742C","False"
"assets/resources/scroll_gradient.png","B0418F0841E1EB6ACBE097F486D84AC1DA8C37F74DC0ECB98BE180C88C7A7055","B0418F0841E1EB6ACBE097F486D84AC1DA8C37F74DC0ECB98BE180C88C7A7055","False"
"assets/resources/slider_knob.svg","4E9C544E6069B3817B0AF38AF12AC83594A0AFE839E52897C14C2422D79CA0C2","4E9C544E6069B3817B0AF38AF12AC83594A0AFE839E52897C14C2422D79CA0C2","False"
"assets/resources/sounds/AcceptSoundEffect.wav","5C34DABD33CD10C8B25F8BB9B88D980E8C99F0C6E37C30860DEC6044ACAACD54","5C34DABD33CD10C8B25F8BB9B88D980E8C99F0C6E37C30860DEC6044ACAACD54","False"
"assets/resources/sounds/BackGroundMusicWayOs.wav","BED93808839F13AE60BE4494410FD50A929FD92F08D8CACEF1BA3758AB5D55EB","BED93808839F13AE60BE4494410FD50A929FD92F08D8CACEF1BA3758AB5D55EB","False"
"assets/resources/splash.svg","535327C0E38BBF3616F9B9427E72B1CF1E3BDF484C4C3F64D8BB5652B2F5EC83","535327C0E38BBF3616F9B9427E72B1CF1E3BDF484C4C3F64D8BB5652B2F5EC83","False"
"assets/resources/sst_medium_condensed.ttf","CDC99F42F1D69BF8B798EC9D09C4979B574242D7F77AEE775322DC286F7681F4","CDC99F42F1D69BF8B798EC9D09C4979B574242D7F77AEE775322DC286F7681F4","False"
"assets/resources/star_filled.svg","F7F637F8A1F5283C249F41CAAD3794265E3AB9570A27B618B61C2743BAFFF1EC","F7F637F8A1F5283C249F41CAAD3794265E3AB9570A27B618B61C2743BAFFF1EC","False"
"assets/resources/star_unfilled.svg","87924D7AC491D8EC10F4E119E46A247FC25F15B649B160581A1B647F228F06BC","87924D7AC491D8EC10F4E119E46A247FC25F15B649B160581A1B647F228F06BC","False"
"assets/resources/textinput_ninepatch.png","2304874DDFCE9E75B2726A04A1B135733CFEC3DD85CFB77D75E00B443E64175D","2304874DDFCE9E75B2726A04A1B135733CFEC3DD85CFB77D75E00B443E64175D","False"
"assets/resources/textinput_ninepatch_active.png","C0458DF7F42142C27492B7F67F1046F6D8AD35645E42CBB8D3F800AAAABEEF7E","C0458DF7F42142C27492B7F67F1046F6D8AD35645E42CBB8D3F800AAAABEEF7E","False"
"assets/resources/window_icon_256.png","AC589D9DA5C258226F8DE76E99AFE2B07AC86030CED90D284D31B51193057F9C","AC589D9DA5C258226F8DE76E99AFE2B07AC86030CED90D284D31B51193057F9C","False"
"res/drawable-anydpi-v21/ic_call_answer.xml","5F6376DFE199D8A6E40033D3E623989D052C9B2F974D00C824FBB8B76FC6FDE8","5F6376DFE199D8A6E40033D3E623989D052C9B2F974D00C824FBB8B76FC6FDE8","False"
"res/drawable-anydpi-v21/ic_call_answer_low.xml","8F9ACACABAF2DFB4BB53DAB7CE7BEC9C1451CE0A0219FFAA41760EA82DA3D2D6","8F9ACACABAF2DFB4BB53DAB7CE7BEC9C1451CE0A0219FFAA41760EA82DA3D2D6","False"
"res/drawable-anydpi-v21/ic_call_answer_video.xml","5D4CDAAE5838AD9442C085F951B766B2808BFF13B8C85A14E0BCF8571514492C","5D4CDAAE5838AD9442C085F951B766B2808BFF13B8C85A14E0BCF8571514492C","False"
"res/drawable-anydpi-v21/ic_call_answer_video_low.xml","4A959580080EBB1D822A2459A4234D2ABF0DD0B65D9C28BDA8C258DAFC888C51","4A959580080EBB1D822A2459A4234D2ABF0DD0B65D9C28BDA8C258DAFC888C51","False"
"res/drawable-anydpi-v21/ic_call_decline.xml","2D825B79CCE60203492FF09A04826DB0AC8D9EB9BC0FB9FB139AE1AA5CDE0F67","2D825B79CCE60203492FF09A04826DB0AC8D9EB9BC0FB9FB139AE1AA5CDE0F67","False"
"res/drawable-anydpi-v21/ic_call_decline_low.xml","C8321364802409BAF4D76E2A84E303871585BDC95B0395040C5ECEA0E2051105","C8321364802409BAF4D76E2A84E303871585BDC95B0395040C5ECEA0E2051105","False"
"res/drawable-hdpi-v4/ic_call_answer.png","5C80D88A7B82EF5833255BF70FF1C26C3EFB2A92AE90CAC222F3200F59E0B1EA","5C80D88A7B82EF5833255BF70FF1C26C3EFB2A92AE90CAC222F3200F59E0B1EA","False"
"res/drawable-hdpi-v4/ic_call_answer_low.png","5C80D88A7B82EF5833255BF70FF1C26C3EFB2A92AE90CAC222F3200F59E0B1EA","5C80D88A7B82EF5833255BF70FF1C26C3EFB2A92AE90CAC222F3200F59E0B1EA","False"
"res/drawable-hdpi-v4/ic_call_answer_video.png","6ADCFC9DD1E1B82B985D223FC8A01C8E8F0DD3B9051D38062674B2380AF79A50","6ADCFC9DD1E1B82B985D223FC8A01C8E8F0DD3B9051D38062674B2380AF79A50","False"
"res/drawable-hdpi-v4/ic_call_answer_video_low.png","6ADCFC9DD1E1B82B985D223FC8A01C8E8F0DD3B9051D38062674B2380AF79A50","6ADCFC9DD1E1B82B985D223FC8A01C8E8F0DD3B9051D38062674B2380AF79A50","False"
"res/drawable-hdpi-v4/ic_call_decline.png","12EC9F9AD5FA3D7D897114AF6C2297B66F31CB056E43DAFFBE80D23F6F66396D","12EC9F9AD5FA3D7D897114AF6C2297B66F31CB056E43DAFFBE80D23F6F66396D","False"
"res/drawable-hdpi-v4/ic_call_decline_low.png","12EC9F9AD5FA3D7D897114AF6C2297B66F31CB056E43DAFFBE80D23F6F66396D","12EC9F9AD5FA3D7D897114AF6C2297B66F31CB056E43DAFFBE80D23F6F66396D","False"
"res/drawable-hdpi-v4/notification_bg_low_normal.9.png","21F0B55280BE10B187CEFF8EDEF4A5A7047683E6E9FCF47DE410AA3839F41094","21F0B55280BE10B187CEFF8EDEF4A5A7047683E6E9FCF47DE410AA3839F41094","False"
"res/drawable-hdpi-v4/notification_bg_low_pressed.9.png","42AEE0B03883E94DF5E543348A397D1302C1B8221895871A83B81899F5A9647B","42AEE0B03883E94DF5E543348A397D1302C1B8221895871A83B81899F5A9647B","False"
"res/drawable-hdpi-v4/notification_bg_normal.9.png","0C6328C7B2420570A7EC38B3BEB3BAC9A29D895AC1AB7239315ABA7266418593","0C6328C7B2420570A7EC38B3BEB3BAC9A29D895AC1AB7239315ABA7266418593","False"
"res/drawable-hdpi-v4/notification_bg_normal_pressed.9.png","18B328D8017E677D5AAD3DBD66BAE356B5CAC978C6F0670938EA648E51D0EB66","18B328D8017E677D5AAD3DBD66BAE356B5CAC978C6F0670938EA648E51D0EB66","False"
"res/drawable-hdpi-v4/notification_oversize_large_icon_bg.png","AA00088D0D9FD97BD92ED9FFD29B54BB69A48A984AA73448CE553FB9D812BE41","AA00088D0D9FD97BD92ED9FFD29B54BB69A48A984AA73448CE553FB9D812BE41","False"
"res/drawable-hdpi-v4/notify_panel_notification_icon_bg.png","8430EC003E003F3F2BA2F78D48FD150E25407667E530E82E87A7D4841C0FD676","8430EC003E003F3F2BA2F78D48FD150E25407667E530E82E87A7D4841C0FD676","False"
"res/drawable-ldpi-v4/ic_call_answer.png","6D34A8BB29BE26E343781603588506F33BD1B93732A1C1BC9FD84678AA36B178","6D34A8BB29BE26E343781603588506F33BD1B93732A1C1BC9FD84678AA36B178","False"
"res/drawable-ldpi-v4/ic_call_answer_low.png","6D34A8BB29BE26E343781603588506F33BD1B93732A1C1BC9FD84678AA36B178","6D34A8BB29BE26E343781603588506F33BD1B93732A1C1BC9FD84678AA36B178","False"
"res/drawable-ldpi-v4/ic_call_answer_video.png","66356F564F051A568E25071F60DA312C418309F9129773ACEB2246773458681C","66356F564F051A568E25071F60DA312C418309F9129773ACEB2246773458681C","False"
"res/drawable-ldpi-v4/ic_call_answer_video_low.png","66356F564F051A568E25071F60DA312C418309F9129773ACEB2246773458681C","66356F564F051A568E25071F60DA312C418309F9129773ACEB2246773458681C","False"
"res/drawable-ldpi-v4/ic_call_decline.png","A18CDAAF3742B1A3D4F484FA15D00FA34AFB21495884301AAFA3213338661ED6","A18CDAAF3742B1A3D4F484FA15D00FA34AFB21495884301AAFA3213338661ED6","False"
"res/drawable-ldpi-v4/ic_call_decline_low.png","A18CDAAF3742B1A3D4F484FA15D00FA34AFB21495884301AAFA3213338661ED6","A18CDAAF3742B1A3D4F484FA15D00FA34AFB21495884301AAFA3213338661ED6","False"
"res/drawable-mdpi-v4/ic_call_answer.png","F2FF62F473D8A5E00A8B6C81C15BE9A0536471C3D5A81E37D04BC3356EA81CA0","F2FF62F473D8A5E00A8B6C81C15BE9A0536471C3D5A81E37D04BC3356EA81CA0","False"
"res/drawable-mdpi-v4/ic_call_answer_low.png","F2FF62F473D8A5E00A8B6C81C15BE9A0536471C3D5A81E37D04BC3356EA81CA0","F2FF62F473D8A5E00A8B6C81C15BE9A0536471C3D5A81E37D04BC3356EA81CA0","False"
"res/drawable-mdpi-v4/ic_call_answer_video.png","6306048BA5F7ECA43E7BDADEEFA9412180508486FD543E02DE93D2A013E223F0","6306048BA5F7ECA43E7BDADEEFA9412180508486FD543E02DE93D2A013E223F0","False"
"res/drawable-mdpi-v4/ic_call_answer_video_low.png","6306048BA5F7ECA43E7BDADEEFA9412180508486FD543E02DE93D2A013E223F0","6306048BA5F7ECA43E7BDADEEFA9412180508486FD543E02DE93D2A013E223F0","False"
"res/drawable-mdpi-v4/ic_call_decline.png","7E87B3E0229126DC3C2BDADDCD8F330F3BB5F7613A05024C3CD6445DD161F788","7E87B3E0229126DC3C2BDADDCD8F330F3BB5F7613A05024C3CD6445DD161F788","False"
"res/drawable-mdpi-v4/ic_call_decline_low.png","7E87B3E0229126DC3C2BDADDCD8F330F3BB5F7613A05024C3CD6445DD161F788","7E87B3E0229126DC3C2BDADDCD8F330F3BB5F7613A05024C3CD6445DD161F788","False"
"res/drawable-mdpi-v4/notification_bg_low_normal.9.png","2F7FBDA0BA6E53E9A47E2FC0E24E32C447C613A5808C2D6285DC651E83A07AD7","2F7FBDA0BA6E53E9A47E2FC0E24E32C447C613A5808C2D6285DC651E83A07AD7","False"
"res/drawable-mdpi-v4/notification_bg_low_pressed.9.png","E17761ED280EDD93D7141BD504B70F9E9E15A8652288D9E6333BF4CE964EF844","E17761ED280EDD93D7141BD504B70F9E9E15A8652288D9E6333BF4CE964EF844","False"
"res/drawable-mdpi-v4/notification_bg_normal.9.png","A8676A1793AC8310FFB12986232DF66DF092D29C242AEEDC2B73556C010D38DC","A8676A1793AC8310FFB12986232DF66DF092D29C242AEEDC2B73556C010D38DC","False"
"res/drawable-mdpi-v4/notification_bg_normal_pressed.9.png","99C14D6855B8BE296D58017D3751B8DC849C47B6D1D80AB614FF9075080E461B","99C14D6855B8BE296D58017D3751B8DC849C47B6D1D80AB614FF9075080E461B","False"
"res/drawable-mdpi-v4/notify_panel_notification_icon_bg.png","0D773E62C756422313262846C787E58F67E0EE87E45E1AE9942002E816C4CB9E","0D773E62C756422313262846C787E58F67E0EE87E45E1AE9942002E816C4CB9E","False"
"res/drawable-v21/notification_action_background.xml","2F768C089CEFA18CF7F1FDE7F602410BF38998DE5F9073A15EA83106C25E3C30","2F768C089CEFA18CF7F1FDE7F602410BF38998DE5F9073A15EA83106C25E3C30","False"
"res/drawable-xhdpi-v4/ic_call_answer.png","E64C2E57627E24EC1ED37E67344C2BF31D1D6BDD2D8D715840C1EDF0BD1425B6","E64C2E57627E24EC1ED37E67344C2BF31D1D6BDD2D8D715840C1EDF0BD1425B6","False"
"res/drawable-xhdpi-v4/ic_call_answer_low.png","E64C2E57627E24EC1ED37E67344C2BF31D1D6BDD2D8D715840C1EDF0BD1425B6","E64C2E57627E24EC1ED37E67344C2BF31D1D6BDD2D8D715840C1EDF0BD1425B6","False"
"res/drawable-xhdpi-v4/ic_call_answer_video.png","5D02A81102644428CA639AEC3DF626EEB4A839A9DDC76FC2B158B04461D7F00F","5D02A81102644428CA639AEC3DF626EEB4A839A9DDC76FC2B158B04461D7F00F","False"
"res/drawable-xhdpi-v4/ic_call_answer_video_low.png","5D02A81102644428CA639AEC3DF626EEB4A839A9DDC76FC2B158B04461D7F00F","5D02A81102644428CA639AEC3DF626EEB4A839A9DDC76FC2B158B04461D7F00F","False"
"res/drawable-xhdpi-v4/ic_call_decline.png","9A9A30C305022A2F8E075D2ED7D33F5C7711BBA8D0D0385511FDB62F89F208E3","9A9A30C305022A2F8E075D2ED7D33F5C7711BBA8D0D0385511FDB62F89F208E3","False"
"res/drawable-xhdpi-v4/ic_call_decline_low.png","9A9A30C305022A2F8E075D2ED7D33F5C7711BBA8D0D0385511FDB62F89F208E3","9A9A30C305022A2F8E075D2ED7D33F5C7711BBA8D0D0385511FDB62F89F208E3","False"
"res/drawable-xhdpi-v4/notification_bg_low_normal.9.png","3E09AFA21C45372C035598C017C8FB405A6D678E6CB84DC857581CB3B40E482D","3E09AFA21C45372C035598C017C8FB405A6D678E6CB84DC857581CB3B40E482D","False"
"res/drawable-xhdpi-v4/notification_bg_low_pressed.9.png","20343222F9F79DD565C3A2248494D452E70820AC1C437173C38BADD45F962AFD","20343222F9F79DD565C3A2248494D452E70820AC1C437173C38BADD45F962AFD","False"
"res/drawable-xhdpi-v4/notification_bg_normal.9.png","559BF783D765C02338E97952BDC9C6689C7FF99090B8C9813369118DA8B080F0","559BF783D765C02338E97952BDC9C6689C7FF99090B8C9813369118DA8B080F0","False"
"res/drawable-xhdpi-v4/notification_bg_normal_pressed.9.png","D27AF435101CA4CBEC0C840BD30687918CD39EB83AAB1487420855623A45998B","D27AF435101CA4CBEC0C840BD30687918CD39EB83AAB1487420855623A45998B","False"
"res/drawable-xhdpi-v4/notify_panel_notification_icon_bg.png","B44EEDA34D7A529C2FE55719EB098FA29707CAA91D18DE06A7A775D6E6BCF973","B44EEDA34D7A529C2FE55719EB098FA29707CAA91D18DE06A7A775D6E6BCF973","False"
"res/drawable-xxhdpi-v4/ic_call_answer.png","86763A30AF2A934C7C13B123B36443D1D17918B71C6149BC6EE80115B872593D","86763A30AF2A934C7C13B123B36443D1D17918B71C6149BC6EE80115B872593D","False"
"res/drawable-xxhdpi-v4/ic_call_answer_low.png","86763A30AF2A934C7C13B123B36443D1D17918B71C6149BC6EE80115B872593D","86763A30AF2A934C7C13B123B36443D1D17918B71C6149BC6EE80115B872593D","False"
"res/drawable-xxhdpi-v4/ic_call_answer_video.png","CA48F604262F2B4EF8B100C73130EFE2AD33EF8C2A2C1B3516F24F51B7B04665","CA48F604262F2B4EF8B100C73130EFE2AD33EF8C2A2C1B3516F24F51B7B04665","False"
"res/drawable-xxhdpi-v4/ic_call_answer_video_low.png","CA48F604262F2B4EF8B100C73130EFE2AD33EF8C2A2C1B3516F24F51B7B04665","CA48F604262F2B4EF8B100C73130EFE2AD33EF8C2A2C1B3516F24F51B7B04665","False"
"res/drawable-xxhdpi-v4/ic_call_decline.png","87ADAD32E0EC19C4E920420BF3A06C9F94F6128ED0D866A1891628AEAB2CEF06","87ADAD32E0EC19C4E920420BF3A06C9F94F6128ED0D866A1891628AEAB2CEF06","False"
"res/drawable-xxhdpi-v4/ic_call_decline_low.png","87ADAD32E0EC19C4E920420BF3A06C9F94F6128ED0D866A1891628AEAB2CEF06","87ADAD32E0EC19C4E920420BF3A06C9F94F6128ED0D866A1891628AEAB2CEF06","False"
"res/drawable-xxxhdpi-v4/ic_call_answer.png","EC698A3217BCE74D8BC4A44BB008F2DBD3D1AEBFF1AF1E9641805143DBF9FA87","EC698A3217BCE74D8BC4A44BB008F2DBD3D1AEBFF1AF1E9641805143DBF9FA87","False"
"res/drawable-xxxhdpi-v4/ic_call_answer_low.png","EC698A3217BCE74D8BC4A44BB008F2DBD3D1AEBFF1AF1E9641805143DBF9FA87","EC698A3217BCE74D8BC4A44BB008F2DBD3D1AEBFF1AF1E9641805143DBF9FA87","False"
"res/drawable-xxxhdpi-v4/ic_call_answer_video.png","4C717CE1FFB551C765981ADD65D1956132D8F522337DE2866B045F0A60485426","4C717CE1FFB551C765981ADD65D1956132D8F522337DE2866B045F0A60485426","False"
"res/drawable-xxxhdpi-v4/ic_call_answer_video_low.png","4C717CE1FFB551C765981ADD65D1956132D8F522337DE2866B045F0A60485426","4C717CE1FFB551C765981ADD65D1956132D8F522337DE2866B045F0A60485426","False"
"res/drawable-xxxhdpi-v4/ic_call_decline.png","AB73B729BB95878120A3BDC8DC915F3AAA1D7070FC644A0DE64D40941AD507ED","AB73B729BB95878120A3BDC8DC915F3AAA1D7070FC644A0DE64D40941AD507ED","False"
"res/drawable-xxxhdpi-v4/ic_call_decline_low.png","AB73B729BB95878120A3BDC8DC915F3AAA1D7070FC644A0DE64D40941AD507ED","AB73B729BB95878120A3BDC8DC915F3AAA1D7070FC644A0DE64D40941AD507ED","False"
"res/drawable/notification_bg.xml","20A1A2E83AA9806FAEB234FC0A1094BC079ADF5A25EF4CFEF1491C5CA3B3C745","20A1A2E83AA9806FAEB234FC0A1094BC079ADF5A25EF4CFEF1491C5CA3B3C745","False"
"res/drawable/notification_bg_low.xml","49041EC87BB2EC2A8BC23685C8EB2C2D5297AA39F1412DC7AA6639AEEC12EE49","49041EC87BB2EC2A8BC23685C8EB2C2D5297AA39F1412DC7AA6639AEEC12EE49","False"
"res/drawable/notification_icon_background.xml","B143EE7FCBBA209F17607A720502D755F085EC75380AD6FBD6F99DE6583F0A40","B143EE7FCBBA209F17607A720502D755F085EC75380AD6FBD6F99DE6583F0A40","False"
"res/drawable/notification_tile_bg.xml","FB5D113D15FF98DA0EAB3CB9E178E909AD5E261F30A24ADD0267E2827B4C7774","FB5D113D15FF98DA0EAB3CB9E178E909AD5E261F30A24ADD0267E2827B4C7774","False"
"res/layout-v21/notification_action.xml","FED9EFAB14F7AD190328E2ABD2B477769E3E15454F963005B0748424345D20A4","FED9EFAB14F7AD190328E2ABD2B477769E3E15454F963005B0748424345D20A4","False"
"res/layout-v21/notification_action_tombstone.xml","7691FCBFFD76BB72B48159579F9045878D25CC98A1A3E99F7B8F3793C6532716","7691FCBFFD76BB72B48159579F9045878D25CC98A1A3E99F7B8F3793C6532716","False"
"res/layout-v21/notification_template_custom_big.xml","A4C209BEAD6333771DDB72C3CBA69BB8F8A43A4CCCBBCA77189E7149F0734D7D","A4C209BEAD6333771DDB72C3CBA69BB8F8A43A4CCCBBCA77189E7149F0734D7D","False"
"res/layout-v21/notification_template_icon_group.xml","18819B87092D13273F592D4FE807F899DA726DF2FEA089167D5D518AB21599C1","18819B87092D13273F592D4FE807F899DA726DF2FEA089167D5D518AB21599C1","False"
"res/layout/custom_dialog.xml","4BB341D6E4E6AE2BA131D237752A4855219AA9CB39213A5E066D7E4A280B02D9","4BB341D6E4E6AE2BA131D237752A4855219AA9CB39213A5E066D7E4A280B02D9","False"
"res/layout/ime_base_split_test_activity.xml","37FF040591F96786BFAF9D3D937FEDF2F2F97E218C06BEB3E7FE8A2442A181A8","37FF040591F96786BFAF9D3D937FEDF2F2F97E218C06BEB3E7FE8A2442A181A8","False"
"res/layout/ime_secondary_split_test_activity.xml","159FDDD017A5A0264EA1478CA2866E76096F0BCE8D56C252C4418C0C2A5C0A18","159FDDD017A5A0264EA1478CA2866E76096F0BCE8D56C252C4418C0C2A5C0A18","False"
"res/layout/notification_template_part_chronometer.xml","C798C12D908C9268847C70141B602E147DCCC1E8B2597447442E3B3DADDEC73C","C798C12D908C9268847C70141B602E147DCCC1E8B2597447442E3B3DADDEC73C","False"
"res/layout/notification_template_part_time.xml","DA8E7BD307C25E42F55F6DB8E394CD9B1CB56653894B64CD20CC713DD0694161","DA8E7BD307C25E42F55F6DB8E394CD9B1CB56653894B64CD20CC713DD0694161","False"
"res/mipmap-hdpi-v4/ic_launcher.png","8C8C44C7E3BDA16F1C64A49FBFFB9E9BFB0EF8C8DE32AE6B33563EB65B9165B1","8C8C44C7E3BDA16F1C64A49FBFFB9E9BFB0EF8C8DE32AE6B33563EB65B9165B1","False"
"res/mipmap-mdpi-v4/ic_launcher.png","EC6B420A11E19F510D87A9DA4FB37403F277FB22BB016917415429BB2EC2E904","EC6B420A11E19F510D87A9DA4FB37403F277FB22BB016917415429BB2EC2E904","False"
"res/mipmap-xhdpi-v4/ic_launcher.png","14ABE06492234D012137A831E8B14387595EF4E8E46231B0C1F77B6812C5CE52","14ABE06492234D012137A831E8B14387595EF4E8E46231B0C1F77B6812C5CE52","False"
"res/mipmap-xxhdpi-v4/ic_launcher.png","17AB27D1E10B39EB101DB7AB5AFFA39D7137582EB372E47B736DA2609D713F41","17AB27D1E10B39EB101DB7AB5AFFA39D7137582EB372E47B736DA2609D713F41","False"
"res/mipmap-xxxhdpi-v4/ic_launcher.png","FF0751B90A1F8798091A3CB741F6D599113B5A51EE31435C465AECA3F5E13999","FF0751B90A1F8798091A3CB741F6D599113B5A51EE31435C465AECA3F5E13999","False"
"res/xml/file_paths.xml","9B3B2AC081E6AAA7F9A61D7FE9623B59615D00B84C3C46725FE5119AD37F758B","9B3B2AC081E6AAA7F9A61D7FE9623B59615D00B84C3C46725FE5119AD37F758B","False"
"resources.arsc","6E909C995CB9017F9D82802F9A59D20E975158776C8350C84A30791924E9D5BD","6E909C995CB9017F9D82802F9A59D20E975158776C8350C84A30791924E9D5BD","False"
"DebugProbesKt.bin","158A19EB94AA2F3E2F459DB69EE10276C73B945DD6C5F8FC223CF2D85E2B5E33","158A19EB94AA2F3E2F459DB69EE10276C73B945DD6C5F8FC223CF2D85E2B5E33","False"
"META-INF/androidx.annotation_annotation-experimental.version","78B591400C56B7B67B8CB3B2B8A8E65E9093897F02CE0878E6B5405C68620FA7","78B591400C56B7B67B8CB3B2B8A8E65E9093897F02CE0878E6B5405C68620FA7","False"
"META-INF/androidx.arch.core_core-runtime.version","1B7C606370188534DAC5561FBA2B2988093829697FCE9E6E8832E9291D24ED00","1B7C606370188534DAC5561FBA2B2988093829697FCE9E6E8832E9291D24ED00","False"
"META-INF/androidx.core_core.version","CA0BC79C4CDE0AD64E1EC9DF2882425197B5BA85704A4AC6BD67F8F99936EB25","CA0BC79C4CDE0AD64E1EC9DF2882425197B5BA85704A4AC6BD67F8F99936EB25","False"
"META-INF/androidx.interpolator_interpolator.version","59854984853104DF5C353E2F681A15FC7924742F9A2E468C29AF248DCE45CE03","59854984853104DF5C353E2F681A15FC7924742F9A2E468C29AF248DCE45CE03","False"
"META-INF/androidx.lifecycle_lifecycle-runtime.version","4257CCCBBA3F7AEA521A40937D1BFDD5949F5F3E1ED689C402A4F2977109030B","4257CCCBBA3F7AEA521A40937D1BFDD5949F5F3E1ED689C402A4F2977109030B","False"
"META-INF/androidx.profileinstaller_profileinstaller.version","64D23F858EF51B0F996E4966D4E27C0371B437E2D2787890B1F7AD22D4EC5663","64D23F858EF51B0F996E4966D4E27C0371B437E2D2787890B1F7AD22D4EC5663","False"
"META-INF/androidx.startup_startup-runtime.version","CC52F678848B814373757B460383BF61960E4943C203735ADDE0A350B3E50989","CC52F678848B814373757B460383BF61960E4943C203735ADDE0A350B3E50989","False"
"META-INF/androidx.tracing_tracing.version","59854984853104DF5C353E2F681A15FC7924742F9A2E468C29AF248DCE45CE03","59854984853104DF5C353E2F681A15FC7924742F9A2E468C29AF248DCE45CE03","False"
"META-INF/androidx.versionedparcelable_versionedparcelable.version","CC52F678848B814373757B460383BF61960E4943C203735ADDE0A350B3E50989","CC52F678848B814373757B460383BF61960E4943C203735ADDE0A350B3E50989","False"
"META-INF/kotlinx_coroutines_android.version","4F232FFA4F33D6227B6F492A7857A3FB3EA8EA0F8AB1D89FE667211326262A4A","4F232FFA4F33D6227B6F492A7857A3FB3EA8EA0F8AB1D89FE667211326262A4A","False"
"META-INF/kotlinx_coroutines_core.version","4F232FFA4F33D6227B6F492A7857A3FB3EA8EA0F8AB1D89FE667211326262A4A","4F232FFA4F33D6227B6F492A7857A3FB3EA8EA0F8AB1D89FE667211326262A4A","False"
"META-INF/services/kotlinx.coroutines.CoroutineExceptionHandler","3129B8EDF6DB07DE6F8FF47695E2177C8BBA4EED2962D3085C719E5ACBB58A33","3129B8EDF6DB07DE6F8FF47695E2177C8BBA4EED2962D3085C719E5ACBB58A33","False"
"META-INF/services/kotlinx.coroutines.internal.MainDispatcherFactory","A1EA77EA8F93F419256B6E66F29713F950D8D6E90442B608D880A48003B5EB72","A1EA77EA8F93F419256B6E66F29713F950D8D6E90442B608D880A48003B5EB72","False"
"kotlin/annotation/annotation.kotlin_builtins","5F75D4352E432664B2A235C472B991CF88365C73F5FCB5E1F9CC2CBE4B410ABE","5F75D4352E432664B2A235C472B991CF88365C73F5FCB5E1F9CC2CBE4B410ABE","False"
"kotlin/collections/collections.kotlin_builtins","0E654E03A38E119DE0F4D11633711BD57E1E8B1A876EDA74A90100A2A6E7DAA4","0E654E03A38E119DE0F4D11633711BD57E1E8B1A876EDA74A90100A2A6E7DAA4","False"
"kotlin/concurrent/atomics/atomics.kotlin_builtins","955035527393D165A22DA4CB9D992F42B4A30B6F070918F3E2B1F2678F83CC9D","955035527393D165A22DA4CB9D992F42B4A30B6F070918F3E2B1F2678F83CC9D","False"
"kotlin/coroutines/coroutines.kotlin_builtins","98AB3A3C18FCB237528DD63FA489815C583E1D6C13DEBD2A27AC6D74CCF8717B","98AB3A3C18FCB237528DD63FA489815C583E1D6C13DEBD2A27AC6D74CCF8717B","False"
"kotlin/internal/internal.kotlin_builtins","64712F94840E6B3F8123F522F32D08C46F083D87C312A74901F7C00224DE775E","64712F94840E6B3F8123F522F32D08C46F083D87C312A74901F7C00224DE775E","False"
"kotlin/kotlin.kotlin_builtins","C4240215BC20E71B01CC62B43EDEBD02749B3249D7DAA8E7F1DC1514F064C274","C4240215BC20E71B01CC62B43EDEBD02749B3249D7DAA8E7F1DC1514F064C274","False"
"kotlin/ranges/ranges.kotlin_builtins","F9D35B836CCB5380803AAB5E6C76D708B1536FC6C82F27185E8CFF5913824E1C","F9D35B836CCB5380803AAB5E6C76D708B1536FC6C82F27185E8CFF5913824E1C","False"
"kotlin/reflect/reflect.kotlin_builtins","23ECBC7CBB354F31BA37A1BE1793D3BB53C00C92CDCF3867759D09D938A1D7C3","23ECBC7CBB354F31BA37A1BE1793D3BB53C00C92CDCF3867759D09D938A1D7C3","False"
"assets/resources/btn_dpad.png","A84A311F6FE0DB9D141C9BAF1E87F35FA14F96B59D2FC290E4B4AF6DD65091BD","A84A311F6FE0DB9D141C9BAF1E87F35FA14F96B59D2FC290E4B4AF6DD65091BD","False"
"lib/arm64-v8a/libarmsx2_libretro_android.so","C90FDA619EF25979188AFB7F1160D3B6B0584411D3320684B0A9EEC9F2F44EC4","C90FDA619EF25979188AFB7F1160D3B6B0584411D3320684B0A9EEC9F2F44EC4","False"
"lib/arm64-v8a/libc++_shared.so","B5D97C38A728AFE28D341CDA3369F512D35EAF9C680C1B0563CD6A63E395230F","B5D97C38A728AFE28D341CDA3369F512D35EAF9C680C1B0563CD6A63E395230F","False"
"assets/resources/btn_a.png","27572C8F812C9BB8B882F8FFE387FE5C6916120241D085D7F7F5F752ACD0D625","27572C8F812C9BB8B882F8FFE387FE5C6916120241D085D7F7F5F752ACD0D625","False"
"assets/resources/btn_b.png","3B794D660C764309A7A628B7FE169DB00809FF00AA39F4E73541D75BFA7AFF9A","3B794D660C764309A7A628B7FE169DB00809FF00AA39F4E73541D75BFA7AFF9A","False"
"assets/resources/btn_l.png","CA912393EA55806997391445C4F187C7D9A07A2A01E503A8349C01758FEF79E8","CA912393EA55806997391445C4F187C7D9A07A2A01E503A8349C01758FEF79E8","False"
"assets/resources/btn_minus.png","5F22878FEEC4519E9D9BCFAE2C8631296EA9A27CF00125C89B19EEDBD56E3E12","5F22878FEEC4519E9D9BCFAE2C8631296EA9A27CF00125C89B19EEDBD56E3E12","False"
"assets/resources/btn_plus.png","87DDCC2C25C1399BD69B3C4C850CE62C79065D9CA24405861451B71757A91787","87DDCC2C25C1399BD69B3C4C850CE62C79065D9CA24405861451B71757A91787","False"
"assets/resources/btn_r.png","4B19F596EAAB1E0EFF07012C7EF234D924C758E8C16EE0C1FC18B30EB229DEFB","4B19F596EAAB1E0EFF07012C7EF234D924C758E8C16EE0C1FC18B30EB229DEFB","False"
"assets/resources/btn_x.png","70332B472E0AC8232675C573B55088DB6151A53A7145671673955AD71DAF642F","70332B472E0AC8232675C573B55088DB6151A53A7145671673955AD71DAF642F","False"
"assets/resources/btn_y.png","9A2660D5A9C60012590AF099D050E6CC33DC910A03BD54F7FF1482B77251A081","9A2660D5A9C60012590AF099D050E6CC33DC910A03BD54F7FF1482B77251A081","False"
"AndroidManifest.xml","1D472E187BCD2E96697990CC723CC8EA15E50CD2C115184039C82C79EA6EEBBD","560B45D998C9BE7DCC062F35416F1193766A15DE20F1E24B56463FB4CC0BAE15","True"
"assets/bios/fbneo/neogeo.zip","7AB5539B14FDE5CE378218C9AD81F15F239E5C96CD60863545DF78A2E8198966","7AB5539B14FDE5CE378218C9AD81F15F239E5C96CD60863545DF78A2E8198966","False"
"assets/bios/mame2003-plus/3dobios.zip","C6FB2EAE2E25CCD494A8E3C3B292F5F75497A7434395F60BA7FE7012EE908BC4","C6FB2EAE2E25CCD494A8E3C3B292F5F75497A7434395F60BA7FE7012EE908BC4","False"
"assets/bios/mame2003-plus/airlbios.zip","983487F67861B4EC2B7F20CC49B25DE0CB6F2160EC741283312DEABB199E465E","983487F67861B4EC2B7F20CC49B25DE0CB6F2160EC741283312DEABB199E465E","False"
"assets/bios/mame2003-plus/aleck64.zip","9785CE8820981DE663AD9114C11ED0B70F548C80C4EB699B56745DDC3D106673","9785CE8820981DE663AD9114C11ED0B70F548C80C4EB699B56745DDC3D106673","False"
"assets/bios/mame2003-plus/alg3do.zip","F640F7795260335094895301EEC92A8D2A61D69F7F195828453DC0CCD63C8578","F640F7795260335094895301EEC92A8D2A61D69F7F195828453DC0CCD63C8578","False"
"assets/bios/mame2003-plus/alg_bios.zip","ADC925CDD66A25B4168D7A6569BC7FEED97F7A6ECC79DF0A246F3FC34F072DE0","ADC925CDD66A25B4168D7A6569BC7FEED97F7A6ECC79DF0A246F3FC34F072DE0","False"
"assets/bios/mame2003-plus/allied.zip","F21FA6A0D943F188CF76475C4A38D87000FB6766D2118FB291AEB576CF6D8C61","F21FA6A0D943F188CF76475C4A38D87000FB6766D2118FB291AEB576CF6D8C61","False"
"assets/bios/mame2003-plus/ar_bios.zip","903ED1135E59C39D84AD4BCF895FA6A632D1B31455597848C0D0D59EF92F6E47","903ED1135E59C39D84AD4BCF895FA6A632D1B31455597848C0D0D59EF92F6E47","False"
"assets/bios/mame2003-plus/aristmk5.zip","DAF2092D3B70607912D988FAC9DCAB420CF0F604C5913C89552C661483AEDBDB","DAF2092D3B70607912D988FAC9DCAB420CF0F604C5913C89552C661483AEDBDB","False"
"assets/bios/mame2003-plus/atarisy1.zip","BFEC84533682863053489FE84DB4A480EB207A23104BCA04E8A485F2031FB1E6","BFEC84533682863053489FE84DB4A480EB207A23104BCA04E8A485F2031FB1E6","False"
"assets/bios/mame2003-plus/awbios.zip","DC44E2FA5F3184F6502E2544B1590223437C366CDFC9E3983CCB32D83C350772","DC44E2FA5F3184F6502E2544B1590223437C366CDFC9E3983CCB32D83C350772","False"
"assets/bios/mame2003-plus/bubsys.zip","E58949D3FDD329B5D9A4EC4287E50ABCF7D9E0AAAE0B3668303539C7BA22E144","E58949D3FDD329B5D9A4EC4287E50ABCF7D9E0AAAE0B3668303539C7BA22E144","False"
"assets/bios/mame2003-plus/cdibios.zip","B53D206AE81607BF6866411B720AD82CE75122423058CE08C6DF84CDC1CA3496","B53D206AE81607BF6866411B720AD82CE75122423058CE08C6DF84CDC1CA3496","False"
"assets/bios/mame2003-plus/cedmag.zip","C659DE6C4ADC7FBD80EAB8C8FF2A6C032CB281F29B52200793F7F9A3415A9C67","C659DE6C4ADC7FBD80EAB8C8FF2A6C032CB281F29B52200793F7F9A3415A9C67","False"
"assets/bios/mame2003-plus/chihiro.zip","48A268250DECB2FF9E5388DEF44F66F2A260DA002162677CC96D55892FAFA6AD","48A268250DECB2FF9E5388DEF44F66F2A260DA002162677CC96D55892FAFA6AD","False"
"assets/bios/mame2003-plus/coh1000a.zip","64BEC99B727A1C0B2970B9E9D61378CBE6834262E9857B06EA3C364676C29468","64BEC99B727A1C0B2970B9E9D61378CBE6834262E9857B06EA3C364676C29468","False"
"assets/bios/mame2003-plus/coh1000c.zip","DF486F9B603B068B531C00CCB7BFED329943E3C15A4E6FEDDE14EC9DC6C07801","DF486F9B603B068B531C00CCB7BFED329943E3C15A4E6FEDDE14EC9DC6C07801","False"
"assets/bios/mame2003-plus/coh1000t.zip","576762D85D5335A4966D9CBB53210C226C2F67D77AA25C3EC9C51862B2007492","576762D85D5335A4966D9CBB53210C226C2F67D77AA25C3EC9C51862B2007492","False"
"assets/bios/mame2003-plus/coh1000w.zip","CBDA93A154963F5F4C2D7B7FB3588011AF300873400F0C46DB80332FC8965A8E","CBDA93A154963F5F4C2D7B7FB3588011AF300873400F0C46DB80332FC8965A8E","False"
"assets/bios/mame2003-plus/coh1001l.zip","18AC64CA030D50A5EDC1801181D2F55CF1D24B0861AB4136DEE904A4F1876CE8","18AC64CA030D50A5EDC1801181D2F55CF1D24B0861AB4136DEE904A4F1876CE8","False"
"assets/bios/mame2003-plus/coh1002e.zip","36B81A13E73BB4D1E60FC9477321DF5A32DF7F13B806DA9960BDEEDD58909ADF","36B81A13E73BB4D1E60FC9477321DF5A32DF7F13B806DA9960BDEEDD58909ADF","False"
"assets/bios/mame2003-plus/coh1002m.zip","36C35F78A6A8978A2E734374445D145981205A1939B9CBB4A7AA1AEFA1B4AAF8","36C35F78A6A8978A2E734374445D145981205A1939B9CBB4A7AA1AEFA1B4AAF8","False"
"assets/bios/mame2003-plus/coh1002v.zip","C3C79B83DDCFBC3E98E87F4BC0F23876B51548181633BC4CD15BAFA06BFA67EA","C3C79B83DDCFBC3E98E87F4BC0F23876B51548181633BC4CD15BAFA06BFA67EA","False"
"assets/bios/mame2003-plus/coh3002c.zip","B54984E34F316E4E41DE775F991E48BEFF9289BD30493345767465CFE7FF2A56","B54984E34F316E4E41DE775F991E48BEFF9289BD30493345767465CFE7FF2A56","False"
"assets/bios/mame2003-plus/coh3002t.zip","FA789B062B2BF065C2FA981F66820AEF147BBF66702604E0C151597D4C551EBE","FA789B062B2BF065C2FA981F66820AEF147BBF66702604E0C151597D4C551EBE","False"
"assets/bios/mame2003-plus/cpzn1.zip","E298FC9274145A5513EC1A6AD1451D28B4D5152859538AC7B5770015E312279B","E298FC9274145A5513EC1A6AD1451D28B4D5152859538AC7B5770015E312279B","False"
"assets/bios/mame2003-plus/cpzn2.zip","861292E8C6C6925743CF2C7B6221784F38645D84FAF175FA96A5F0AB3C7232F1","861292E8C6C6925743CF2C7B6221784F38645D84FAF175FA96A5F0AB3C7232F1","False"
"assets/bios/mame2003-plus/crysbios.zip","DBD8F05B2989992046645A93126649D356887E3EFD3A43BD77C325A1CAF477A6","DBD8F05B2989992046645A93126649D356887E3EFD3A43BD77C325A1CAF477A6","False"
"assets/bios/mame2003-plus/cubo.zip","DABBA71EB9E689E637C0A03451A6995BDA102FB51513827482D42985A891B935","DABBA71EB9E689E637C0A03451A6995BDA102FB51513827482D42985A891B935","False"
"assets/bios/mame2003-plus/cvs.zip","B8A38AF3744840C97B6BF4147EBA1E73739BF6B619A943D35507C94E7F5B5DBC","B8A38AF3744840C97B6BF4147EBA1E73739BF6B619A943D35507C94E7F5B5DBC","False"
"assets/bios/mame2003-plus/decocass.zip","539B07E0EB65D42E5E26B3E407D648693871CDC6ED3F45D2D7A4792375F65F60","539B07E0EB65D42E5E26B3E407D648693871CDC6ED3F45D2D7A4792375F65F60","False"
"assets/bios/mame2003-plus/f355bios.zip","0F50F12D38F9E4A893A787BEF31DCB98F689E7D9F68EF9675CDF05F11B4DF75F","0F50F12D38F9E4A893A787BEF31DCB98F689E7D9F68EF9675CDF05F11B4DF75F","False"
"assets/bios/mame2003-plus/f355dlx.zip","E7C0369A22EE0A42AC55B634ED1C6282AEA91A6AF07BA1402627B8FBE7C2AFD5","E7C0369A22EE0A42AC55B634ED1C6282AEA91A6AF07BA1402627B8FBE7C2AFD5","False"
"assets/bios/mame2003-plus/galgbios.zip","E923AB4E3CC50B53A5AE881E4BDD3723E850DCABEB2DF32EDF510D3338348C11","E923AB4E3CC50B53A5AE881E4BDD3723E850DCABEB2DF32EDF510D3338348C11","False"
"assets/bios/mame2003-plus/gp_110.zip","1A2B7F0B779404D63346DF1A909432CE17FB1D0063AF105DC602F02E0EC50129","1A2B7F0B779404D63346DF1A909432CE17FB1D0063AF105DC602F02E0EC50129","False"
"assets/bios/mame2003-plus/gq863.zip","9A65179ED2BD33DAFB47E4699B0DDECF7AA48DC2229746E989C227E750780628","9A65179ED2BD33DAFB47E4699B0DDECF7AA48DC2229746E989C227E750780628","False"
"assets/bios/mame2003-plus/gts1.zip","2054F0619231DEF0B5DCA29E0E2662BB63E7365F66D6DD0B143BC6FA153FFA4A","2054F0619231DEF0B5DCA29E0E2662BB63E7365F66D6DD0B143BC6FA153FFA4A","False"
"assets/bios/mame2003-plus/hikaru.zip","F71329FCE4E616DF3473F1E115931E36AFBE13A36769DF652DB6CDAE28CCFCCF","F71329FCE4E616DF3473F1E115931E36AFBE13A36769DF652DB6CDAE28CCFCCF","False"
"assets/bios/mame2003-plus/hng64.zip","B19320D3F12F31E92C4CFA29EF68CF6B78C8F578C8A5FA83FFD17D675C7F3D0E","B19320D3F12F31E92C4CFA29EF68CF6B78C8F578C8A5FA83FFD17D675C7F3D0E","False"
"assets/bios/mame2003-plus/hod2bios.zip","C23FE56CE9AEE115272C82C5DE63AD43A952A4404DAB0C33747BCA9D0603B4EE","C23FE56CE9AEE115272C82C5DE63AD43A952A4404DAB0C33747BCA9D0603B4EE","False"
"assets/bios/mame2003-plus/isgsm.zip","C481BFDE0AE68E5FBE70A406AF1698FCBA5B76D7E23C860C2715CACF019EFAD4","C481BFDE0AE68E5FBE70A406AF1698FCBA5B76D7E23C860C2715CACF019EFAD4","False"
"assets/bios/mame2003-plus/konamigv.zip","B5F33CCCCA26E6BF93C561345152DB1A3EA92C2882112285E637B26B715168C7","B5F33CCCCA26E6BF93C561345152DB1A3EA92C2882112285E637B26B715168C7","False"
"assets/bios/mame2003-plus/konamigx.zip","1C4106D0C3320A5CBC31DAD0B6F6B6C40F9D294DEAC0133FB23552CD000D9F72","1C4106D0C3320A5CBC31DAD0B6F6B6C40F9D294DEAC0133FB23552CD000D9F72","False"
"assets/bios/mame2003-plus/kviper.zip","4D54DF1F1F61EB7A19699607BFE378E1D810EF8FB8F73159E9BBC77228D39C64","4D54DF1F1F61EB7A19699607BFE378E1D810EF8FB8F73159E9BBC77228D39C64","False"
"assets/bios/mame2003-plus/lindbios.zip","0FADF3027E8B690DE567140C3ED72885DA25C18471345E9ADC18D3AA879A6859","0FADF3027E8B690DE567140C3ED72885DA25C18471345E9ADC18D3AA879A6859","False"
"assets/bios/mame2003-plus/macsbios.zip","5CAFA4594CE827AB3EAB819A100B1E0B4C1B1B70F988EB614844B03B4F80ABB1","5CAFA4594CE827AB3EAB819A100B1E0B4C1B1B70F988EB614844B03B4F80ABB1","False"
"assets/bios/mame2003-plus/maxaflex.zip","75FCA46B92A4FC6D048B35A1F5856BC2B2D4FE0D0042E17F5A68F26077C3500B","75FCA46B92A4FC6D048B35A1F5856BC2B2D4FE0D0042E17F5A68F26077C3500B","False"
"assets/bios/mame2003-plus/megaplay.zip","5BA0A73114EAA86F6F5E233F2D4E2F6A38C4C383B99ABC17B75F23A0940B6BA5","5BA0A73114EAA86F6F5E233F2D4E2F6A38C4C383B99ABC17B75F23A0940B6BA5","False"
"assets/bios/mame2003-plus/megatech.zip","BA7CA3A52F7EE9F30ABF6C8935231F96C3AE2B0667DED7FFF2D592321D4AC8AA","BA7CA3A52F7EE9F30ABF6C8935231F96C3AE2B0667DED7FFF2D592321D4AC8AA","False"
"assets/bios/mame2003-plus/neogeo.zip","BF05CC848E403F8AE457BFE26FAA8135CF4725CFFF956FA030F5C0A00A26ADCC","BF05CC848E403F8AE457BFE26FAA8135CF4725CFFF956FA030F5C0A00A26ADCC","False"
"assets/bios/mame2003-plus/nichidvd.zip","CCCE3930A34753DC4452CBA6A66DD7C6D8916902851FCC31B266AFD7CD09C7FA","CCCE3930A34753DC4452CBA6A66DD7C6D8916902851FCC31B266AFD7CD09C7FA","False"
"assets/bios/mame2003-plus/nss.zip","B2CD39EDF2EC6A3F20468BAE3CBA1FDE82D87B1942609BDD4A03859AC0A031C0","B2CD39EDF2EC6A3F20468BAE3CBA1FDE82D87B1942609BDD4A03859AC0A031C0","False"
"assets/bios/mame2003-plus/pgm.zip","4E054156D0C4DC7770CD00E4C7A528F0BF494BE4AD6886ED6F9AE0DE5085FC80","4E054156D0C4DC7770CD00E4C7A528F0BF494BE4AD6886ED6F9AE0DE5085FC80","False"
"assets/bios/mame2003-plus/playch10.zip","23B7FE844EFDB5599BF96E937EF5D98468F4DC4D32885CE340D329A37D214F32","23B7FE844EFDB5599BF96E937EF5D98468F4DC4D32885CE340D329A37D214F32","False"
"assets/bios/mame2003-plus/sammymdl.zip","9767A4757761956C220DF202E6CCE2821AEB57B1DAEF544EE233AE7FD5FA5BAD","9767A4757761956C220DF202E6CCE2821AEB57B1DAEF544EE233AE7FD5FA5BAD","False"
"assets/bios/mame2003-plus/sfcbox.zip","BB09A26B65FCC2D3217F9B0C8B7552DE4DF44F2F792D97CA7845114E464C8F50","BB09A26B65FCC2D3217F9B0C8B7552DE4DF44F2F792D97CA7845114E464C8F50","False"
"assets/bios/mame2003-plus/shtzone.zip","A62534C0FAFCE53482946D7D1B72CA844979C4E77A892264E3038A5AD87BA658","A62534C0FAFCE53482946D7D1B72CA844979C4E77A892264E3038A5AD87BA658","False"
"assets/bios/mame2003-plus/skns.zip","34C1A2851065893040DE2096B574E72AD08EBCAC5D0DFD1A9017E2D4CF3627F2","34C1A2851065893040DE2096B574E72AD08EBCAC5D0DFD1A9017E2D4CF3627F2","False"
"assets/bios/mame2003-plus/stvbios.zip","E813A16912BD0D45F3394A9098EDE4E0EE19B727755748B97BD87AC7FE7F9399","E813A16912BD0D45F3394A9098EDE4E0EE19B727755748B97BD87AC7FE7F9399","False"
"assets/bios/mame2003-plus/su2000.zip","6818EAD4F9D0B28134C0B71F5697446BF55EFE70B3E6C1EF138B6365A3230F30","6818EAD4F9D0B28134C0B71F5697446BF55EFE70B3E6C1EF138B6365A3230F30","False"
"assets/bios/mame2003-plus/sys246.zip","923F6DFFDD94B496D47C4B065884EEF820E66C7D9AD7EBC759BFFCEF1E571C1E","923F6DFFDD94B496D47C4B065884EEF820E66C7D9AD7EBC759BFFCEF1E571C1E","False"
"assets/bios/mame2003-plus/sys256.zip","DCA31E0839B94F0BF9D83CED74E4EB5612A5AED12DF82D036F5A8C2ACDAF3A5B","DCA31E0839B94F0BF9D83CED74E4EB5612A5AED12DF82D036F5A8C2ACDAF3A5B","False"
"assets/bios/mame2003-plus/sys573.zip","48CC3C06A7A961734EBADAC620002475D29C896430D3680BCC62C18DF7A4811A","48CC3C06A7A961734EBADAC620002475D29C896430D3680BCC62C18DF7A4811A","False"
"assets/bios/mame2003-plus/taitofx1.zip","3BF401AFB171B88FF21AF9AA45B585BC648B6FA2BE08624CCA50135E48BEF0FF","3BF401AFB171B88FF21AF9AA45B585BC648B6FA2BE08624CCA50135E48BEF0FF","False"
"assets/bios/mame2003-plus/taitotz.zip","B008B4879C128BB4C7AFE7EAF7DC51FFF30D8309F51653118C5A7E2B795EFB7A","B008B4879C128BB4C7AFE7EAF7DC51FFF30D8309F51653118C5A7E2B795EFB7A","False"
"assets/bios/mame2003-plus/tourvis.zip","B6CBCC04B5FF078C4CA22E4BCC1A012F1FF4A482C96D06964078B33580E9524A","B6CBCC04B5FF078C4CA22E4BCC1A012F1FF4A482C96D06964078B33580E9524A","False"
"assets/bios/mame2003-plus/tps.zip","D51F07795D06D65B835DA34D64182FD73163406C0A1440F61921CFCCA6C4C034","D51F07795D06D65B835DA34D64182FD73163406C0A1440F61921CFCCA6C4C034","False"
"assets/bios/mame2003-plus/triforce.zip","6D4A64022A4EC27427454B5CCB0C3ABD8449A150566BDEC9316C566AA4639D05","6D4A64022A4EC27427454B5CCB0C3ABD8449A150566BDEC9316C566AA4639D05","False"
"assets/bios/mame2003-plus/v4bios.zip","CF23BFD8A445D0888AFBC198CA5EDCE049A70CE9F5F02A1561EE4BC29EFDD1D9","CF23BFD8A445D0888AFBC198CA5EDCE049A70CE9F5F02A1561EE4BC29EFDD1D9","False"
"assets/bios/neocd/000-lo.lo","2A76F023DC578804C6BCD58ED514FFC04FCB433B3BD75D4452575FFDA57A0707","2A76F023DC578804C6BCD58ED514FFC04FCB433B3BD75D4452575FFDA57A0707","False"
"assets/bios/neocd/neocd.bin","2E93AF5848080EA04D17A7841B742F009330D30E4FF40C3410547581D921C892","2E93AF5848080EA04D17A7841B742F009330D30E4FF40C3410547581D921C892","False"
"assets/bios/neocd/uni-bioscd.rom","1C3EC20824A58E5F5CBF47CCC2C91A10F34D21CFA2791B3413CEA89B0C920DB8","1C3EC20824A58E5F5CBF47CCC2C91A10F34D21CFA2791B3413CEA89B0C920DB8","False"
"assets/bios/saturn_bios.bin","AE4058627BB5DB9BE6D8D83C6BE95A4AA981ACC8A89042E517E73317886C8BC2","AE4058627BB5DB9BE6D8D83C6BE95A4AA981ACC8A89042E517E73317886C8BC2","False"
"classes.dex","AA56E44D61EC7B8E3B966BC7970A8E782702E5B87B8F2C1C3D2E64262E86FC41","AA56E44D61EC7B8E3B966BC7970A8E782702E5B87B8F2C1C3D2E64262E86FC41","False"
"assets/bios/c52.bin","2AB1B2C7F4B28A74D0ECF3E073088FAC19CE40866404420C70576E1862BB5502","2AB1B2C7F4B28A74D0ECF3E073088FAC19CE40866404420C70576E1862BB5502","False"
"assets/bios/dc/awbios.zip","DC44E2FA5F3184F6502E2544B1590223437C366CDFC9E3983CCB32D83C350772","DC44E2FA5F3184F6502E2544B1590223437C366CDFC9E3983CCB32D83C350772","False"
"assets/bios/o2rom.bin","CB0C5D9ED64F7C1D8870333451832638885B9AA3D7013F0C05FD2A20A5E5BFEF","CB0C5D9ED64F7C1D8870333451832638885B9AA3D7013F0C05FD2A20A5E5BFEF","False"
"org/apache/commons/codec/language/bm/ash_approx_any.txt","AD6C75E0E50B51F807D73A3D3EF46A6F666A891CB4953CC357A5D305E61E30AB","AD6C75E0E50B51F807D73A3D3EF46A6F666A891CB4953CC357A5D305E61E30AB","False"
"org/apache/commons/codec/language/bm/ash_approx_common.txt","DA5B7FEBC70F860F91BCCCCA37C29A619A23442CC80B9CD98AD884E16D6C9854","DA5B7FEBC70F860F91BCCCCA37C29A619A23442CC80B9CD98AD884E16D6C9854","False"
"org/apache/commons/codec/language/bm/ash_approx_cyrillic.txt","A29917EA4C00BDD216DB31D36205EF3829D0FB76926D189FCD8260D3700D4C57","A29917EA4C00BDD216DB31D36205EF3829D0FB76926D189FCD8260D3700D4C57","False"
"org/apache/commons/codec/language/bm/ash_approx_english.txt","53739BD27868292338606EF7A1FD209B6253D35E94D7A4AFB031769498D60D64","53739BD27868292338606EF7A1FD209B6253D35E94D7A4AFB031769498D60D64","False"
"org/apache/commons/codec/language/bm/ash_approx_french.txt","19650E4AB69678BB849028900E4C2E867F75229C4447A0FCBF5A5BD6B3BD69C3","19650E4AB69678BB849028900E4C2E867F75229C4447A0FCBF5A5BD6B3BD69C3","False"
"org/apache/commons/codec/language/bm/ash_approx_german.txt","CFC7C1EF41209AF89B676BA46A183060B93DEDCAB1E7D730F6253F48F5AF0EA9","CFC7C1EF41209AF89B676BA46A183060B93DEDCAB1E7D730F6253F48F5AF0EA9","False"
"org/apache/commons/codec/language/bm/ash_approx_hebrew.txt","D54F26F806EC83A34BEAA033CBD110A9204F853045BF9050A3050146B52EC50B","D54F26F806EC83A34BEAA033CBD110A9204F853045BF9050A3050146B52EC50B","False"
"org/apache/commons/codec/language/bm/ash_approx_hungarian.txt","6BD249910726949AFA4E5A9623EC3999151C3EF43843714A90003CFB11350309","6BD249910726949AFA4E5A9623EC3999151C3EF43843714A90003CFB11350309","False"
"org/apache/commons/codec/language/bm/ash_approx_polish.txt","5F56627D50D4EF0E3C8C76225D3E72FD95C8C90AE629D65D32F202F792D5912A","5F56627D50D4EF0E3C8C76225D3E72FD95C8C90AE629D65D32F202F792D5912A","False"
"org/apache/commons/codec/language/bm/ash_approx_romanian.txt","900BCB8B852CE9738F85EFACDA91BBCAF0192D662F2FA996EBBE34E115801736","900BCB8B852CE9738F85EFACDA91BBCAF0192D662F2FA996EBBE34E115801736","False"
"org/apache/commons/codec/language/bm/ash_approx_russian.txt","B908B81325099091067ECBAAB232DB0215B61EBD6899D0F7D989A013363A7CB3","B908B81325099091067ECBAAB232DB0215B61EBD6899D0F7D989A013363A7CB3","False"
"org/apache/commons/codec/language/bm/ash_approx_spanish.txt","6BD249910726949AFA4E5A9623EC3999151C3EF43843714A90003CFB11350309","6BD249910726949AFA4E5A9623EC3999151C3EF43843714A90003CFB11350309","False"
"org/apache/commons/codec/language/bm/ash_exact_any.txt","BC6B6B423E6AF997CE45348E17F3A0D6A18617CFE67B50BDB501CC97258C3D35","BC6B6B423E6AF997CE45348E17F3A0D6A18617CFE67B50BDB501CC97258C3D35","False"
"org/apache/commons/codec/language/bm/ash_exact_approx_common.txt","A1F947E071423AA5C24360484F85B7139F7A3FFE77D2089E367CA152743D1A19","A1F947E071423AA5C24360484F85B7139F7A3FFE77D2089E367CA152743D1A19","False"
"org/apache/commons/codec/language/bm/ash_exact_common.txt","FC3558377839A10375BB40146D9D12EC9B37487223023CC0769946AED24F352F","FC3558377839A10375BB40146D9D12EC9B37487223023CC0769946AED24F352F","False"
"org/apache/commons/codec/language/bm/ash_exact_cyrillic.txt","265D93B530F2F0B3B2B602AFDA6E912370C0B01C06DF4A2987119F6320BFFB44","265D93B530F2F0B3B2B602AFDA6E912370C0B01C06DF4A2987119F6320BFFB44","False"
"org/apache/commons/codec/language/bm/ash_exact_english.txt","265D93B530F2F0B3B2B602AFDA6E912370C0B01C06DF4A2987119F6320BFFB44","265D93B530F2F0B3B2B602AFDA6E912370C0B01C06DF4A2987119F6320BFFB44","False"
"org/apache/commons/codec/language/bm/ash_exact_french.txt","265D93B530F2F0B3B2B602AFDA6E912370C0B01C06DF4A2987119F6320BFFB44","265D93B530F2F0B3B2B602AFDA6E912370C0B01C06DF4A2987119F6320BFFB44","False"
"org/apache/commons/codec/language/bm/ash_exact_german.txt","32674F342F7C8B73FE831F46B0537DF0A2B9D43C45FCDED7617DDF28495C0E2A","32674F342F7C8B73FE831F46B0537DF0A2B9D43C45FCDED7617DDF28495C0E2A","False"
"org/apache/commons/codec/language/bm/ash_exact_hebrew.txt","D54F26F806EC83A34BEAA033CBD110A9204F853045BF9050A3050146B52EC50B","D54F26F806EC83A34BEAA033CBD110A9204F853045BF9050A3050146B52EC50B","False"
"org/apache/commons/codec/language/bm/ash_exact_hungarian.txt","265D93B530F2F0B3B2B602AFDA6E912370C0B01C06DF4A2987119F6320BFFB44","265D93B530F2F0B3B2B602AFDA6E912370C0B01C06DF4A2987119F6320BFFB44","False"
"org/apache/commons/codec/language/bm/ash_exact_polish.txt","D04D6E8EA4ED593F478FE1FF150A1F57AC30557C13F9F019FCF2B1658B6FF49E","D04D6E8EA4ED593F478FE1FF150A1F57AC30557C13F9F019FCF2B1658B6FF49E","False"
"org/apache/commons/codec/language/bm/ash_exact_romanian.txt","265D93B530F2F0B3B2B602AFDA6E912370C0B01C06DF4A2987119F6320BFFB44","265D93B530F2F0B3B2B602AFDA6E912370C0B01C06DF4A2987119F6320BFFB44","False"
"org/apache/commons/codec/language/bm/ash_exact_russian.txt","34BFA509511F7517A628330CCA7C5E51464AB4EEF953834054F684D02E11FFC7","34BFA509511F7517A628330CCA7C5E51464AB4EEF953834054F684D02E11FFC7","False"
"org/apache/commons/codec/language/bm/ash_exact_spanish.txt","265D93B530F2F0B3B2B602AFDA6E912370C0B01C06DF4A2987119F6320BFFB44","265D93B530F2F0B3B2B602AFDA6E912370C0B01C06DF4A2987119F6320BFFB44","False"
"org/apache/commons/codec/language/bm/ash_hebrew_common.txt","AD11A0F537E90B0893E8624E0C997DD8E2ECE13DFE8B90B366D3A773F829BEE5","AD11A0F537E90B0893E8624E0C997DD8E2ECE13DFE8B90B366D3A773F829BEE5","False"
"org/apache/commons/codec/language/bm/ash_lang.txt","93BC49F227498C3151F4F132363256429E700EECE2B72E3D3BC5B7FD857CC22A","93BC49F227498C3151F4F132363256429E700EECE2B72E3D3BC5B7FD857CC22A","False"
"org/apache/commons/codec/language/bm/ash_languages.txt","EE736888A0725497A11C74CCA309EE21D520D5AD64B5541250E8F1DA9138FE97","EE736888A0725497A11C74CCA309EE21D520D5AD64B5541250E8F1DA9138FE97","False"
"org/apache/commons/codec/language/bm/ash_rules_any.txt","BDB60C3901AB057F4C94B384B302A0BDD7A6012AC07CF4EDB87BD37B9283D17B","BDB60C3901AB057F4C94B384B302A0BDD7A6012AC07CF4EDB87BD37B9283D17B","False"
"org/apache/commons/codec/language/bm/ash_rules_cyrillic.txt","361BC87691DA6BFDA59FF416CE61C922AAE811944669FD05F537AC629EEFED84","361BC87691DA6BFDA59FF416CE61C922AAE811944669FD05F537AC629EEFED84","False"
"org/apache/commons/codec/language/bm/ash_rules_english.txt","7C28986E7DC911D8798EBE9F26B93D0487E632482FC5348363CD8EF94DAC1A5E","7C28986E7DC911D8798EBE9F26B93D0487E632482FC5348363CD8EF94DAC1A5E","False"
"org/apache/commons/codec/language/bm/ash_rules_french.txt","234F4B1EEACEA6C814AF4494C155799C21387F2B3CE61C47F0F5E90E9592802A","234F4B1EEACEA6C814AF4494C155799C21387F2B3CE61C47F0F5E90E9592802A","False"
"org/apache/commons/codec/language/bm/ash_rules_german.txt","00B0A4BAF27FF74F992F39FF875DF7B694EFE7218F228734695B4B0817575758","00B0A4BAF27FF74F992F39FF875DF7B694EFE7218F228734695B4B0817575758","False"
"org/apache/commons/codec/language/bm/ash_rules_hebrew.txt","1E36828BD90A0721B6513F6F687EAC503DC8C1A37824AE6E6D8D496344620194","1E36828BD90A0721B6513F6F687EAC503DC8C1A37824AE6E6D8D496344620194","False"
"org/apache/commons/codec/language/bm/ash_rules_hungarian.txt","A247AF30AC47CBAA87CC9458FE33A9FA101424D77565C7CA012B4E8B923A369D","A247AF30AC47CBAA87CC9458FE33A9FA101424D77565C7CA012B4E8B923A369D","False"
"org/apache/commons/codec/language/bm/ash_rules_polish.txt","047BF7630B038E180AC407DC6BEDB45EBBC42C01A7C9BE7B17845C4E9B15F250","047BF7630B038E180AC407DC6BEDB45EBBC42C01A7C9BE7B17845C4E9B15F250","False"
"org/apache/commons/codec/language/bm/ash_rules_romanian.txt","212F03C2A1C539A08D4664107B107BDDCED3A461B6D5362335C0C1039DD88D7C","212F03C2A1C539A08D4664107B107BDDCED3A461B6D5362335C0C1039DD88D7C","False"
"org/apache/commons/codec/language/bm/ash_rules_russian.txt","9D9904D23EC6031FF620967766CF72A06F5AA9AC958EBC9AB6C4956A19C2C76B","9D9904D23EC6031FF620967766CF72A06F5AA9AC958EBC9AB6C4956A19C2C76B","False"
"org/apache/commons/codec/language/bm/ash_rules_spanish.txt","C9E410A8A5C0965B39E39362A904BD107239BBFE0176348E003423E5E4812AA0","C9E410A8A5C0965B39E39362A904BD107239BBFE0176348E003423E5E4812AA0","False"
"org/apache/commons/codec/language/bm/gen_approx_any.txt","A72BBD45DE8A31AA3CEAAA06513896C4ABB59BC76EF945811A3EDC63B55451D4","A72BBD45DE8A31AA3CEAAA06513896C4ABB59BC76EF945811A3EDC63B55451D4","False"
"org/apache/commons/codec/language/bm/gen_approx_arabic.txt","838A47E6F968189A4A882B82220654CA219450956D2CF0AE0336D342894C598F","838A47E6F968189A4A882B82220654CA219450956D2CF0AE0336D342894C598F","False"
"org/apache/commons/codec/language/bm/gen_approx_common.txt","EDF03E4F49C343D45B63EA9C3D470B6BAF95A3688C5723AD1E85BDFB860E3314","EDF03E4F49C343D45B63EA9C3D470B6BAF95A3688C5723AD1E85BDFB860E3314","False"
"org/apache/commons/codec/language/bm/gen_approx_cyrillic.txt","F9A750D48156D8E8E1D94C8ED34DBF596C24EFE945123D6E808AF069DEE2599A","F9A750D48156D8E8E1D94C8ED34DBF596C24EFE945123D6E808AF069DEE2599A","False"
"org/apache/commons/codec/language/bm/gen_approx_czech.txt","E52B12A250FA593F99CA8A06E02B18A091518A1E6B66FD496E78A7DB3888CC43","E52B12A250FA593F99CA8A06E02B18A091518A1E6B66FD496E78A7DB3888CC43","False"
"org/apache/commons/codec/language/bm/gen_approx_dutch.txt","E52B12A250FA593F99CA8A06E02B18A091518A1E6B66FD496E78A7DB3888CC43","E52B12A250FA593F99CA8A06E02B18A091518A1E6B66FD496E78A7DB3888CC43","False"
"org/apache/commons/codec/language/bm/gen_approx_english.txt","53739BD27868292338606EF7A1FD209B6253D35E94D7A4AFB031769498D60D64","53739BD27868292338606EF7A1FD209B6253D35E94D7A4AFB031769498D60D64","False"
"org/apache/commons/codec/language/bm/gen_approx_french.txt","1D9D34F64E5D8D3009749D9D818C0583463EE89F08C0F7D2B0544A4316ACAD47","1D9D34F64E5D8D3009749D9D818C0583463EE89F08C0F7D2B0544A4316ACAD47","False"
"org/apache/commons/codec/language/bm/gen_approx_german.txt","4330F43E087759D3616B02EB362074AED94698CB4D4F848A6E58F2532C5B0AEB","4330F43E087759D3616B02EB362074AED94698CB4D4F848A6E58F2532C5B0AEB","False"
"org/apache/commons/codec/language/bm/gen_approx_greek.txt","E52B12A250FA593F99CA8A06E02B18A091518A1E6B66FD496E78A7DB3888CC43","E52B12A250FA593F99CA8A06E02B18A091518A1E6B66FD496E78A7DB3888CC43","False"
"org/apache/commons/codec/language/bm/gen_approx_greeklatin.txt","DFFA002D397F85134AF0350CC2FA75F1EDDFD75A2A18BE5A5761E3C80781F12E","DFFA002D397F85134AF0350CC2FA75F1EDDFD75A2A18BE5A5761E3C80781F12E","False"
"org/apache/commons/codec/language/bm/gen_approx_hebrew.txt","D54F26F806EC83A34BEAA033CBD110A9204F853045BF9050A3050146B52EC50B","D54F26F806EC83A34BEAA033CBD110A9204F853045BF9050A3050146B52EC50B","False"
"org/apache/commons/codec/language/bm/gen_approx_hungarian.txt","F827F54AF6560A4C6D615618433457E1C9DC06C78C7683DEE6D4187CDBCD8C83","F827F54AF6560A4C6D615618433457E1C9DC06C78C7683DEE6D4187CDBCD8C83","False"
"org/apache/commons/codec/language/bm/gen_approx_italian.txt","F827F54AF6560A4C6D615618433457E1C9DC06C78C7683DEE6D4187CDBCD8C83","F827F54AF6560A4C6D615618433457E1C9DC06C78C7683DEE6D4187CDBCD8C83","False"
"org/apache/commons/codec/language/bm/gen_approx_polish.txt","D062343F0330E121C684E3E6943F7775855C78E965B043A839A4DBA87336D4D8","D062343F0330E121C684E3E6943F7775855C78E965B043A839A4DBA87336D4D8","False"
"org/apache/commons/codec/language/bm/gen_approx_portuguese.txt","E52B12A250FA593F99CA8A06E02B18A091518A1E6B66FD496E78A7DB3888CC43","E52B12A250FA593F99CA8A06E02B18A091518A1E6B66FD496E78A7DB3888CC43","False"
"org/apache/commons/codec/language/bm/gen_approx_romanian.txt","4E35DD86B22D8D011287B19ABA8B1D4AF9E8C63EBDF27D0899E8D9EDF4D4B1ED","4E35DD86B22D8D011287B19ABA8B1D4AF9E8C63EBDF27D0899E8D9EDF4D4B1ED","False"
"org/apache/commons/codec/language/bm/gen_approx_russian.txt","15E71E33FAF7BB4558FD3F64EC9E38111BB04852343BC4A89B09AE127279CAF0","15E71E33FAF7BB4558FD3F64EC9E38111BB04852343BC4A89B09AE127279CAF0","False"
"org/apache/commons/codec/language/bm/gen_approx_spanish.txt","CA9391F883011B749197FBBC79776777D957DD5F55749D9A600C1D229F80B8DF","CA9391F883011B749197FBBC79776777D957DD5F55749D9A600C1D229F80B8DF","False"
"org/apache/commons/codec/language/bm/gen_approx_turkish.txt","E52B12A250FA593F99CA8A06E02B18A091518A1E6B66FD496E78A7DB3888CC43","E52B12A250FA593F99CA8A06E02B18A091518A1E6B66FD496E78A7DB3888CC43","False"
"org/apache/commons/codec/language/bm/gen_exact_any.txt","CF8DA3EE51D478DCE1FF6FA1CCEF2F65411308D47703F920423CC1172266623E","CF8DA3EE51D478DCE1FF6FA1CCEF2F65411308D47703F920423CC1172266623E","False"
"org/apache/commons/codec/language/bm/gen_exact_approx_common.txt","948F6D4355AC74011CCCD7BD54EC3BCE4A29EA26C5D4518F019CDC1DCEF27285","948F6D4355AC74011CCCD7BD54EC3BCE4A29EA26C5D4518F019CDC1DCEF27285","False"
"org/apache/commons/codec/language/bm/gen_exact_arabic.txt","891A20110C50FD5DD6C34BA71C11207E2E11948C3CCA5F1554B3C934644F5A05","891A20110C50FD5DD6C34BA71C11207E2E11948C3CCA5F1554B3C934644F5A05","False"
"org/apache/commons/codec/language/bm/gen_exact_common.txt","6A943CA8CF3F7BED1FF516DE9A3ECF44F13C801D3DC967803B1B6A95AE45D372","6A943CA8CF3F7BED1FF516DE9A3ECF44F13C801D3DC967803B1B6A95AE45D372","False"
"org/apache/commons/codec/language/bm/gen_exact_cyrillic.txt","FD5517E98EEBFBE1F979EC21F9749E9D6CAFD3E6798E5F31C173A0BE08C025E5","FD5517E98EEBFBE1F979EC21F9749E9D6CAFD3E6798E5F31C173A0BE08C025E5","False"
"org/apache/commons/codec/language/bm/gen_exact_czech.txt","FD5517E98EEBFBE1F979EC21F9749E9D6CAFD3E6798E5F31C173A0BE08C025E5","FD5517E98EEBFBE1F979EC21F9749E9D6CAFD3E6798E5F31C173A0BE08C025E5","False"
"org/apache/commons/codec/language/bm/gen_exact_dutch.txt","D54F26F806EC83A34BEAA033CBD110A9204F853045BF9050A3050146B52EC50B","D54F26F806EC83A34BEAA033CBD110A9204F853045BF9050A3050146B52EC50B","False"
"org/apache/commons/codec/language/bm/gen_exact_english.txt","FD5517E98EEBFBE1F979EC21F9749E9D6CAFD3E6798E5F31C173A0BE08C025E5","FD5517E98EEBFBE1F979EC21F9749E9D6CAFD3E6798E5F31C173A0BE08C025E5","False"
"org/apache/commons/codec/language/bm/gen_exact_french.txt","D54F26F806EC83A34BEAA033CBD110A9204F853045BF9050A3050146B52EC50B","D54F26F806EC83A34BEAA033CBD110A9204F853045BF9050A3050146B52EC50B","False"
"org/apache/commons/codec/language/bm/gen_exact_german.txt","ABE0C2B293DDE37D051C84C0A60194B8C3038F399411B60F0706DCDDFADB0BDF","ABE0C2B293DDE37D051C84C0A60194B8C3038F399411B60F0706DCDDFADB0BDF","False"
"org/apache/commons/codec/language/bm/gen_exact_greek.txt","D54F26F806EC83A34BEAA033CBD110A9204F853045BF9050A3050146B52EC50B","D54F26F806EC83A34BEAA033CBD110A9204F853045BF9050A3050146B52EC50B","False"
"org/apache/commons/codec/language/bm/gen_exact_greeklatin.txt","8784C2B1D8B8E206E3DFCE6EDA4F3DEC800A1BC213DC4F4DC0CB09A8132A542C","8784C2B1D8B8E206E3DFCE6EDA4F3DEC800A1BC213DC4F4DC0CB09A8132A542C","False"
"org/apache/commons/codec/language/bm/gen_exact_hebrew.txt","D54F26F806EC83A34BEAA033CBD110A9204F853045BF9050A3050146B52EC50B","D54F26F806EC83A34BEAA033CBD110A9204F853045BF9050A3050146B52EC50B","False"
"org/apache/commons/codec/language/bm/gen_exact_hungarian.txt","D54F26F806EC83A34BEAA033CBD110A9204F853045BF9050A3050146B52EC50B","D54F26F806EC83A34BEAA033CBD110A9204F853045BF9050A3050146B52EC50B","False"
"org/apache/commons/codec/language/bm/gen_exact_italian.txt","D54F26F806EC83A34BEAA033CBD110A9204F853045BF9050A3050146B52EC50B","D54F26F806EC83A34BEAA033CBD110A9204F853045BF9050A3050146B52EC50B","False"
"org/apache/commons/codec/language/bm/gen_exact_polish.txt","6D805F7FC3172F02F11240B9043FEDC535D0729A105F218205DDBCEE3245781A","6D805F7FC3172F02F11240B9043FEDC535D0729A105F218205DDBCEE3245781A","False"
"org/apache/commons/codec/language/bm/gen_exact_portuguese.txt","D54F26F806EC83A34BEAA033CBD110A9204F853045BF9050A3050146B52EC50B","D54F26F806EC83A34BEAA033CBD110A9204F853045BF9050A3050146B52EC50B","False"
"org/apache/commons/codec/language/bm/gen_exact_romanian.txt","D54F26F806EC83A34BEAA033CBD110A9204F853045BF9050A3050146B52EC50B","D54F26F806EC83A34BEAA033CBD110A9204F853045BF9050A3050146B52EC50B","False"
"org/apache/commons/codec/language/bm/gen_exact_russian.txt","34BFA509511F7517A628330CCA7C5E51464AB4EEF953834054F684D02E11FFC7","34BFA509511F7517A628330CCA7C5E51464AB4EEF953834054F684D02E11FFC7","False"
"org/apache/commons/codec/language/bm/gen_exact_spanish.txt","B3388ED5A9817DFA7172B1061CD2003068623C5B794B4D25A221225C893EDDF2","B3388ED5A9817DFA7172B1061CD2003068623C5B794B4D25A221225C893EDDF2","False"
"org/apache/commons/codec/language/bm/gen_exact_turkish.txt","D54F26F806EC83A34BEAA033CBD110A9204F853045BF9050A3050146B52EC50B","D54F26F806EC83A34BEAA033CBD110A9204F853045BF9050A3050146B52EC50B","False"
"org/apache/commons/codec/language/bm/gen_hebrew_common.txt","4A989B869F2293590C21AF2305DA6588966AEE6D3BDE431B3E49123904B11BCF","4A989B869F2293590C21AF2305DA6588966AEE6D3BDE431B3E49123904B11BCF","False"
"org/apache/commons/codec/language/bm/gen_lang.txt","705D3B0ECA3803AB2764F00B4CF9B2A68F9EC2201A7B340D6893412361022D95","705D3B0ECA3803AB2764F00B4CF9B2A68F9EC2201A7B340D6893412361022D95","False"
"org/apache/commons/codec/language/bm/gen_languages.txt","B3165ADAA36026C29338DC8D8F351CEBC7423731465E1D6422F27D6778494C7D","B3165ADAA36026C29338DC8D8F351CEBC7423731465E1D6422F27D6778494C7D","False"
"org/apache/commons/codec/language/bm/gen_rules_any.txt","D23D576829821EDD7DE13F6734ECA746A767DD6D565A4CD18E33D9736DF0D0AC","D23D576829821EDD7DE13F6734ECA746A767DD6D565A4CD18E33D9736DF0D0AC","False"
"org/apache/commons/codec/language/bm/gen_rules_arabic.txt","82B707C79998031BDA269FD7C1192EA1A9670C03EAD09EE77A77CE4FECA12C38","82B707C79998031BDA269FD7C1192EA1A9670C03EAD09EE77A77CE4FECA12C38","False"
"org/apache/commons/codec/language/bm/gen_rules_cyrillic.txt","0C8158127F19BD0E683BF883AB2FB7EB4C173A34EE51AB6752F56C932AB125E8","0C8158127F19BD0E683BF883AB2FB7EB4C173A34EE51AB6752F56C932AB125E8","False"
"org/apache/commons/codec/language/bm/gen_rules_czech.txt","84DE9E152412CD6129340590372571FEDB14876054B5DF3B82A2A36564FCD619","84DE9E152412CD6129340590372571FEDB14876054B5DF3B82A2A36564FCD619","False"
"org/apache/commons/codec/language/bm/gen_rules_dutch.txt","9921E75DBBC942D2572A8660B0979329639E8707FFA9BB1DE6B7D1A7A9955C2B","9921E75DBBC942D2572A8660B0979329639E8707FFA9BB1DE6B7D1A7A9955C2B","False"
"org/apache/commons/codec/language/bm/gen_rules_english.txt","BCFB8723CBF3966B09BA0DC6F3DBBDC7882869C4E7AF160F803C2F0519785A22","BCFB8723CBF3966B09BA0DC6F3DBBDC7882869C4E7AF160F803C2F0519785A22","False"
"org/apache/commons/codec/language/bm/gen_rules_french.txt","B5F12B085CFB4896A91020F901BC16E6F3164F0641E683B0D205A730560274B3","B5F12B085CFB4896A91020F901BC16E6F3164F0641E683B0D205A730560274B3","False"
"org/apache/commons/codec/language/bm/gen_rules_german.txt","453D474AB996523A2F09A1C5897D8E3E1B4C045061227C052792F982E1C3C8B7","453D474AB996523A2F09A1C5897D8E3E1B4C045061227C052792F982E1C3C8B7","False"
"org/apache/commons/codec/language/bm/gen_rules_greek.txt","6B56C5D8A9B6270F8777CCE5F1B0860390AA218F7E2B43EEB1D7CBDB38778830","6B56C5D8A9B6270F8777CCE5F1B0860390AA218F7E2B43EEB1D7CBDB38778830","False"
"org/apache/commons/codec/language/bm/gen_rules_greeklatin.txt","06122F03FE879F2EF78B0B76BF1412EB170C69FA828F40D7E7B907856656446E","06122F03FE879F2EF78B0B76BF1412EB170C69FA828F40D7E7B907856656446E","False"
"org/apache/commons/codec/language/bm/gen_rules_hebrew.txt","A570F37F45F35F2E409B1173D955D83ADC878DA8187F899DB930D5D19F89A5F1","A570F37F45F35F2E409B1173D955D83ADC878DA8187F899DB930D5D19F89A5F1","False"
"org/apache/commons/codec/language/bm/gen_rules_hungarian.txt","16BA7CF79BF85089DC29FD92EFF6358C893BC6AEF85E6396DD29AF7C41A4F611","16BA7CF79BF85089DC29FD92EFF6358C893BC6AEF85E6396DD29AF7C41A4F611","False"
"org/apache/commons/codec/language/bm/gen_rules_italian.txt","99155DEDF0CAEAAE4212877D0B90DA52E0252812EEE4AB06A9AAF5393B94AFB0","99155DEDF0CAEAAE4212877D0B90DA52E0252812EEE4AB06A9AAF5393B94AFB0","False"
"org/apache/commons/codec/language/bm/gen_rules_polish.txt","E4E0EB610A8BCCF71D39CD0E10B2C51E4D1F132A052D183C749511464ED51FC9","E4E0EB610A8BCCF71D39CD0E10B2C51E4D1F132A052D183C749511464ED51FC9","False"
"org/apache/commons/codec/language/bm/gen_rules_portuguese.txt","0C51C2CC22988516B03F6AFDD5699897B7CAFE2B3E5D3676AB101941FBFD92DC","0C51C2CC22988516B03F6AFDD5699897B7CAFE2B3E5D3676AB101941FBFD92DC","False"
"org/apache/commons/codec/language/bm/gen_rules_romanian.txt","75EE26F3C6BF6CAFC2258BE21B820952E2E07C192919E34FD717DD81B0A2F4AD","75EE26F3C6BF6CAFC2258BE21B820952E2E07C192919E34FD717DD81B0A2F4AD","False"
"org/apache/commons/codec/language/bm/gen_rules_russian.txt","DED105C857167C2BA8C44CED7CEE000D6BCD7823A4851B698F8EA540115A7F37","DED105C857167C2BA8C44CED7CEE000D6BCD7823A4851B698F8EA540115A7F37","False"
"org/apache/commons/codec/language/bm/gen_rules_spanish.txt","E7253C7C1AB7E46D29C85792BE68C15A7BDB8937C364043F4C4C658D08F76A6B","E7253C7C1AB7E46D29C85792BE68C15A7BDB8937C364043F4C4C658D08F76A6B","False"
"org/apache/commons/codec/language/bm/gen_rules_turkish.txt","1800BAB9AEE6BE5F57838BFAAF071009841C1AF93D5DD22789E1A7643D199261","1800BAB9AEE6BE5F57838BFAAF071009841C1AF93D5DD22789E1A7643D199261","False"
"org/apache/commons/codec/language/bm/lang.txt","610A754F03E8838E1BDF8FC2F905CDDAE41D97142C54BF90E01F5582F8B5F7BA","610A754F03E8838E1BDF8FC2F905CDDAE41D97142C54BF90E01F5582F8B5F7BA","False"
"org/apache/commons/codec/language/bm/sep_approx_any.txt","47661C92B7BD2A3DBFF0B19F2342281076F2877FAB2592A0C076A555A813947F","47661C92B7BD2A3DBFF0B19F2342281076F2877FAB2592A0C076A555A813947F","False"
"org/apache/commons/codec/language/bm/sep_approx_common.txt","7F3EA2985FD4B1B5E0F5A6544A47AB632497A7853B691AEF5E6BD7320FCAA3A6","7F3EA2985FD4B1B5E0F5A6544A47AB632497A7853B691AEF5E6BD7320FCAA3A6","False"
"org/apache/commons/codec/language/bm/sep_approx_french.txt","D54F26F806EC83A34BEAA033CBD110A9204F853045BF9050A3050146B52EC50B","D54F26F806EC83A34BEAA033CBD110A9204F853045BF9050A3050146B52EC50B","False"
"org/apache/commons/codec/language/bm/sep_approx_hebrew.txt","D54F26F806EC83A34BEAA033CBD110A9204F853045BF9050A3050146B52EC50B","D54F26F806EC83A34BEAA033CBD110A9204F853045BF9050A3050146B52EC50B","False"
"org/apache/commons/codec/language/bm/sep_approx_italian.txt","B6165DBDA3D972B5C54B2191409A2C04AC35FC7DBA0ABF5DDF3C9AE13F9A98A0","B6165DBDA3D972B5C54B2191409A2C04AC35FC7DBA0ABF5DDF3C9AE13F9A98A0","False"
"org/apache/commons/codec/language/bm/sep_approx_portuguese.txt","21D632279772AE8983832220505BCF0C6FB500F4FFADE0F9908306D018710F13","21D632279772AE8983832220505BCF0C6FB500F4FFADE0F9908306D018710F13","False"
"org/apache/commons/codec/language/bm/sep_approx_spanish.txt","21D632279772AE8983832220505BCF0C6FB500F4FFADE0F9908306D018710F13","21D632279772AE8983832220505BCF0C6FB500F4FFADE0F9908306D018710F13","False"
"org/apache/commons/codec/language/bm/sep_exact_any.txt","DF3F63B3946B8D5F05C4977EE5AB488DA8162F4AD8CAFA7A81CD8731B4954CB8","DF3F63B3946B8D5F05C4977EE5AB488DA8162F4AD8CAFA7A81CD8731B4954CB8","False"
"org/apache/commons/codec/language/bm/sep_exact_approx_common.txt","232F59750F9DEDCF0BC2AF194D16A1F434A56A0ACE0415FE67924B73C7E22A32","232F59750F9DEDCF0BC2AF194D16A1F434A56A0ACE0415FE67924B73C7E22A32","False"
"org/apache/commons/codec/language/bm/sep_exact_common.txt","C3654AD436BE18536FEF3E3872DB7255659C413BFC9B5AD446B1467B68C8B8C0","C3654AD436BE18536FEF3E3872DB7255659C413BFC9B5AD446B1467B68C8B8C0","False"
"org/apache/commons/codec/language/bm/sep_exact_french.txt","9DDCB79875C3A49259E98FAF98433C7D8C29E368DEDEA7155C9FF7171016857D","9DDCB79875C3A49259E98FAF98433C7D8C29E368DEDEA7155C9FF7171016857D","False"
"org/apache/commons/codec/language/bm/sep_exact_hebrew.txt","D54F26F806EC83A34BEAA033CBD110A9204F853045BF9050A3050146B52EC50B","D54F26F806EC83A34BEAA033CBD110A9204F853045BF9050A3050146B52EC50B","False"
"org/apache/commons/codec/language/bm/sep_exact_italian.txt","D54F26F806EC83A34BEAA033CBD110A9204F853045BF9050A3050146B52EC50B","D54F26F806EC83A34BEAA033CBD110A9204F853045BF9050A3050146B52EC50B","False"
"org/apache/commons/codec/language/bm/sep_exact_portuguese.txt","D54F26F806EC83A34BEAA033CBD110A9204F853045BF9050A3050146B52EC50B","D54F26F806EC83A34BEAA033CBD110A9204F853045BF9050A3050146B52EC50B","False"
"org/apache/commons/codec/language/bm/sep_exact_spanish.txt","D54F26F806EC83A34BEAA033CBD110A9204F853045BF9050A3050146B52EC50B","D54F26F806EC83A34BEAA033CBD110A9204F853045BF9050A3050146B52EC50B","False"
"org/apache/commons/codec/language/bm/sep_hebrew_common.txt","F54D8A4D50AC4331B34A9A6D6466108E8D462F590D83B88130CB439F760A74E8","F54D8A4D50AC4331B34A9A6D6466108E8D462F590D83B88130CB439F760A74E8","False"
"org/apache/commons/codec/language/bm/sep_lang.txt","F3B5F5FDA135F0B1D3016B67EEA126A9415C50D3B169EE4FA9BD8DD0143FA9F5","F3B5F5FDA135F0B1D3016B67EEA126A9415C50D3B169EE4FA9BD8DD0143FA9F5","False"
"org/apache/commons/codec/language/bm/sep_languages.txt","9CC12D4172E415642B4105D96717D9C9B28ABCA8ABFB61B6443F4E9C47ADAF87","9CC12D4172E415642B4105D96717D9C9B28ABCA8ABFB61B6443F4E9C47ADAF87","False"
"org/apache/commons/codec/language/bm/sep_rules_any.txt","A334356DECF81C182682D8E0D03E1727AB45A068446ED11C96809167ACA1877F","A334356DECF81C182682D8E0D03E1727AB45A068446ED11C96809167ACA1877F","False"
"org/apache/commons/codec/language/bm/sep_rules_french.txt","2A3CBE347FDA0DF595E3110959C49656C6EC6B6F3B7AF69A67D5590F0729699B","2A3CBE347FDA0DF595E3110959C49656C6EC6B6F3B7AF69A67D5590F0729699B","False"
"org/apache/commons/codec/language/bm/sep_rules_hebrew.txt","545919EEECAEE7301FF14AFE69C88FAF0277F3568C154032BE204D3FF0D9DA68","545919EEECAEE7301FF14AFE69C88FAF0277F3568C154032BE204D3FF0D9DA68","False"
"org/apache/commons/codec/language/bm/sep_rules_italian.txt","3B4D253710D0C9DD5649594047C8E10763094C10B7B518CFD84048C122255F9B","3B4D253710D0C9DD5649594047C8E10763094C10B7B518CFD84048C122255F9B","False"
"org/apache/commons/codec/language/bm/sep_rules_portuguese.txt","8A1E06755EBA82E40DE80BEECDCABC01D8A0E9A547F1EABB35346E526BCF90B2","8A1E06755EBA82E40DE80BEECDCABC01D8A0E9A547F1EABB35346E526BCF90B2","False"
"org/apache/commons/codec/language/bm/sep_rules_spanish.txt","57654B4355E47B908556126A8CF10F9A77DC49E5BF3B179E9797B4E9B47F88ED","57654B4355E47B908556126A8CF10F9A77DC49E5BF3B179E9797B4E9B47F88ED","False"
"org/apache/commons/codec/language/dmrules.txt","90FF9E9C775E01444F19DEC3F8444EAA6D39FDECA77D0EAF4DDCB970A43687F7","90FF9E9C775E01444F19DEC3F8444EAA6D39FDECA77D0EAF4DDCB970A43687F7","False"
"lib/arm64-v8a/libSDL2.so","A282B35554EB006773349430E117BFEEFF32A84E246A058C8FB7C7027C2E4DEE","A282B35554EB006773349430E117BFEEFF32A84E246A058C8FB7C7027C2E4DEE","False"
"lib/arm64-v8a/libdolphin_libretro_android.so","F882345D55C19F7E6521BCBB6239BFF86400986684FFCA8483AAE7707C567354","F882345D55C19F7E6521BCBB6239BFF86400986684FFCA8483AAE7707C567354","False"
"lib/arm64-v8a/libmupen64plus_next_gles3_libretro_android.so","349A46C24A3998B604E0E95B38DC014CD2B0BB5C33867A37C2452B731A999D56","349A46C24A3998B604E0E95B38DC014CD2B0BB5C33867A37C2452B731A999D56","False"
"lib/arm64-v8a/libyabasanshiro_libretro_android.so","84D4EB18AE94D97B6D189E40168ABB1F449C7A859510B2125E2B83C64B76795B","84D4EB18AE94D97B6D189E40168ABB1F449C7A859510B2125E2B83C64B76795B","False"
"assets/packs/Dolphin.zip","A7FFEC3F824901B4432745F455DBD4E8EDDC9461D6335187E5DA3133B811F40F","A7FFEC3F824901B4432745F455DBD4E8EDDC9461D6335187E5DA3133B811F40F","False"
"classes3.dex","AA5A72AC6EF469B6BC9268D0A467805F953929B25D8292D725CC64A2D9457FEB","38385660A955A283B929A93F93EEF2710AC9E0F38F455CD3C6CD0F8F8BEE5FB6","True"
"lib/arm64-v8a/libsuyu_libretro_android.so","DD95473BFE0A486F3B523AEB36C442D4C043AC47B5B67E7B81D1865FB246EAF1","DD95473BFE0A486F3B523AEB36C442D4C043AC47B5B67E7B81D1865FB246EAF1","False"
"lib/arm64-v8a/libmain.so","D29ECD5A819563ECEBC76FEEEDD705F064A6D89B96AABAD033644461BB460273","A1AE357DC29CAAC52D47386A71A0A9A685ECFFB9C01D536F5AF50B5BA658CDA8","True"
