"index","catalog_id","name","games","card","source_video"
"0","59d1d71be42f5a2ce80a4558862e8090","3ds","76","00-3ds.jpg","TURBORAMAx/_theme_inc/images/caratulas/3ds.mp4"
"1","58ab3473e87985d15a5040fdcb384344","Playstation 1","119","01-playstation-1.jpg","TURBORAMAx/_theme_inc/images/caratulas/psx.mp4"
"2","852991bef1eda99e03a9471a2e976cbf","Playstation 2","66","02-playstation-2.jpg","TURBORAMAx/_theme_inc/images/caratulas/ps2.mp4"
"3","d197d559f8a407943302d5604b0b24b4","Playstation 2 - BR","51","03-playstation-2-br.jpg","TURBORAMAx/_theme_inc/images/caratulas/ps2.mp4"
"4","cd6fe1389d493a64f345ebc17f53b4b9","PSP","57","04-psp.jpg","TURBORAMAx/_theme_inc/images/caratulas/psp.mp4"
"5","9264d9c717e2fd5d4a875ed12b4d6d4e","Psvita","23","05-psvita.jpg","TURBORAMAx/_theme_inc/images/caratulas/psvita.mp4"
"6","1845669d9b9cb10554a69d9d922e6797","Switch","124","06-switch.jpg","TURBORAMAx/_theme_inc/images/caratulas/switch.mp4"
"7","87580a61b10d45cd26231161c63df4cd","wii","13","07-wii.jpg","TURBORAMAx/_theme_inc/images/caratulas/wii.mp4"
"8","689caa3b0e165d155baa0146889a2c48","wiiu","9","08-wiiu.jpg","TURBORAMAx/_theme_inc/images/caratulas/wiiu.mp4"
"9","d00b83fdd0fb6dd65a9962cec5f50092","Arcade","56","09-arcade.jpg","TURBORAMAx/_theme_inc/videos/tela1/arcade.mp4"
"10","da899c10bf6f8f32a8e7ecae1cb9d3e3","atari2600","856","10-atari2600.jpg","TURBORAMAx/_theme_inc/images/caratulas/atari2600.mp4"
"11","899b73f0af2499a0725820256a56749e","atari7800","75","11-atari7800.jpg","TURBORAMAx/_theme_inc/videos/tela1/atari7800.mp4"
"12","c17f3edc969ba355786f4a143d7b6bd5","Atomiswave","57","12-atomiswave.jpg","TURBORAMAx/_theme_inc/images/caratulas/atomiswave.mp4"
"13","e476ecd61d2ef9409811ffdcf9ea0225","colecovision","64","13-colecovision.png","generated image"
"14","72a9c6cbc73b67f15d5e499d59f6a56f","cps1","47","14-cps1.jpg","TURBORAMAx/_theme_inc/images/caratulas/cps1.mp4"
"15","8b76e1eda8ab2ba7128e21ec61bd8234","cps2","105","15-cps2.jpg","TURBORAMAx/_theme_inc/images/caratulas/cps2.mp4"
"16","cd2759778582da1adf33c08cb3750479","cps3","120","16-cps3.jpg","TURBORAMAx/_theme_inc/images/caratulas/cps3.mp4"
"17","9cc09d0a8a10ac14f01fbf0490fd3139","Dreamcast","97","17-dreamcast.jpg","TURBORAMAx/_theme_inc/images/caratulas/dreamcast.mp4"
"18","2315f8e9f72aecb029249aae28d449d1","fds","251","18-fds.png","generated image"
"19","a7ffd557199b76142b651a471cd96f12","gameandwatch","142","19-gameandwatch.png","generated image"
"20","945acb0b9b09704f2586e73213a6b900","gamegear","630","20-gamegear.png","generated image"
"21","9518447657e00c91f007479e2462f386","Gameboy","1195","21-gameboy.png","generated image"
"22","cc673cfb49d05b8fd23bf7a362a61463","Gba","622","22-gba.jpg","TURBORAMAx/_theme_inc/images/caratulas/gba.mp4"
"23","f0d04526e96463aad0a0f99ead250875","Gameboy Color","1258","23-gameboy-color.jpg","TURBORAMAx/_theme_inc/videos/tela1/gbc.mp4"
"24","ea11073a50a43b7e045b9f3dee09b908","jaguar","117","24-jaguar.png","generated image"
"25","74112c978a841d5086a22ee38efeac8d","mame","3571","25-mame.jpg","TURBORAMAx/_theme_inc/images/caratulas/mame.mp4"
"26","41df6634d5915d0a2486a219b3d702e1","Master System","1205","26-master-system.jpg","TURBORAMAx/_theme_inc/images/caratulas/mastersystem.mp4"
"27","9ddd5df6b311e6bc55ed170cbeb680ca","MegaDrive","1658","27-megadrive.jpg","TURBORAMAx/_theme_inc/images/caratulas/megadrive.mp4"
"28","f716a22586c25a65d691574a6210107b","MegaDrive - BR","169","28-megadrive-br.jpg","TURBORAMAx/_theme_inc/images/caratulas/megadrive.mp4"
"29","5159589c8d66210bc39306ccf6475c0e","model2","58","29-model2.jpg","TURBORAMAx/_theme_inc/images/caratulas/model2.mp4"
"30","56831a08c41a960aa8d7e050e2506fd5","Nintendo 64","321","30-nintendo-64.jpg","TURBORAMAx/_theme_inc/images/caratulas/n64.mp4"
"31","ec8f843a63277ed3db1cee18bd2fe810","Nintendo 64 - BR","63","31-nintendo-64-br.jpg","TURBORAMAx/_theme_inc/images/caratulas/n64.mp4"
"32","3cff1664a65c0415c116c7c150cce8fc","Nintendo DS","47","32-nintendo-ds.jpg","TURBORAMAx/_theme_inc/images/caratulas/nds.mp4"
"33","9fd80a910b6a16ea883c369e083eff08","Neo Geo","343","33-neo-geo.jpg","TURBORAMAx/_theme_inc/images/caratulas/neogeo.mp4"
"34","dfee72ae0e553f2ebe734c174e8c654c","Neo Geo CD","44","34-neo-geo-cd.jpg","TURBORAMAx/_theme_inc/images/caratulas/neogeocd.mp4"
"35","26afcb694de84a98d6026800c5f8f9ab","Nintendinho","1523","35-nintendinho.jpg","TURBORAMAx/_theme_inc/images/caratulas/nes.mp4"
"36","1f1cd655d6512bfbea5c90a0ef97cafe","Odyssey 2","360","36-odyssey-2.png","generated image"
"37","9e2a983fabde12649bc4a08a50808665","Pc Engine","129","37-pc-engine.jpg","TURBORAMAx/_theme_inc/videos/tela1/pcengine.mp4"
"38","25d5f03ba8e8655e404ed6305c1dfaa1","Pc Engine cd","9","38-pc-engine-cd.png","generated image"
"39","6787c3a3df7b7c9a4cea67407d166d4c","Playstation 2 - BR","160","39-playstation-2-br.jpg","TURBORAMAx/_theme_inc/images/caratulas/ps2.mp4"
"40","731d833c43b4858d61c1cf5798118eb7","sega32x","42","40-sega32x.jpg","TURBORAMAx/_theme_inc/images/caratulas/sega32x.mp4"
"41","f91352f2998ae90796e44f5b6afbdce9","Super Nintendo","1573","41-super-nintendo.jpg","TURBORAMAx/_theme_inc/images/caratulas/snes.mp4"
"42","f3605c5dd9172ef6bd66f04af7d7eeb4","Super Nintendo - BR","182","42-super-nintendo-br.jpg","TURBORAMAx/_theme_inc/images/caratulas/snes.mp4"
"43","1ad0b0a1f26c40b37617a62393d4832d","sufami","28","43-sufami.png","generated image"
"44","7bbc918b72802b96640904e2698b40fe","supergrafx","12","44-supergrafx.png","generated image"
"45","df88bf2322bcf8a22a460d0cdeb57b3f","fbneo","184","45-fbneo.jpg","TURBORAMAx/_theme_inc/images/caratulas/fbneo.mp4"
