META,java,0
META,vm,Dalvik
META,os,Linux/aarch64
META,directory,/storage/emulated/0/Download/.station-benchmark-20261005/station-bench-370741571086569596
META,bytes,67108864
META,rounds,3
NOTE,Synthetic deterministic in-memory bytes; no network is measured; fsync and atomic replacement are included.
NOTE,Profile classes are instrumented copies; their stage timings include nanoTime overhead and differ from uninstrumented BENCH totals.
NOTE,NoHash variants remove digest calculation and comparison only inside the measured transfer; harness checks remain outside timing.
META,expected_sha256,6f27ffab3267ab309adbfbd8efb1fa4a04221a632381bbdf6737d0eae8b74dbf
VERIFY,current,PASS,success_digest|digest_mismatch|short_input|oversize|cancellation|preserve_previous|partial_cleanup
VERIFY,raw256,PASS,success_digest|digest_mismatch|short_input|oversize|cancellation|preserve_previous|partial_cleanup
VERIFY,buffered64,PASS,success_digest|digest_mismatch|short_input|oversize|cancellation|preserve_previous|partial_cleanup
VERIFY,buffered256,PASS,success_digest|digest_mismatch|short_input|oversize|cancellation|preserve_previous|partial_cleanup
VERIFY,current-nohash,PASS,no_runtime_digest|mismatch_not_checked|harness_content_check|short_input|oversize|cancellation|preserve_previous|partial_cleanup
VERIFY,buffered-nohash,PASS,no_runtime_digest|mismatch_not_checked|harness_content_check|short_input|oversize|cancellation|preserve_previous|partial_cleanup
VERIFY,current-profile,PASS,success_digest|digest_mismatch|short_input|oversize|cancellation|preserve_previous|partial_cleanup
VERIFY,raw256-profile,PASS,success_digest|digest_mismatch|short_input|oversize|cancellation|preserve_previous|partial_cleanup
VERIFY,buffered64-profile,PASS,success_digest|digest_mismatch|short_input|oversize|cancellation|preserve_previous|partial_cleanup
VERIFY,buffered256-profile,PASS,success_digest|digest_mismatch|short_input|oversize|cancellation|preserve_previous|partial_cleanup
VERIFY,current-nohash-profile,PASS,no_runtime_digest|mismatch_not_checked|harness_content_check|short_input|oversize|cancellation|preserve_previous|partial_cleanup
VERIFY,buffered-nohash-profile,PASS,no_runtime_digest|mismatch_not_checked|harness_content_check|short_input|oversize|cancellation|preserve_previous|partial_cleanup
HEADER_BASELINE,type,kind,fragment_bytes,round,bytes,wall_ms
BASELINE,read_only,8192,1,67108864,8.138
BASELINE,read_plus_sha256,8192,1,67108864,48.727
BASELINE,read_only,8192,2,67108864,2.745
BASELINE,read_plus_sha256,8192,2,67108864,47.873
BASELINE,read_only,8192,3,67108864,2.205
BASELINE,read_plus_sha256,8192,3,67108864,36.641
BASELINE,read_only,16384,1,67108864,1.900
BASELINE,read_plus_sha256,16384,1,67108864,33.099
BASELINE,read_only,16384,2,67108864,1.782
BASELINE,read_plus_sha256,16384,2,67108864,32.547
BASELINE,read_only,16384,3,67108864,1.833
BASELINE,read_plus_sha256,16384,3,67108864,32.669
BASELINE,read_only,65536,1,67108864,1.973
BASELINE,read_plus_sha256,65536,1,67108864,32.770
BASELINE,read_only,65536,2,67108864,1.967
BASELINE,read_plus_sha256,65536,2,67108864,32.531
BASELINE,read_only,65536,3,67108864,1.946
BASELINE,read_plus_sha256,65536,3,67108864,32.849
HEADER_BENCH,type,variant,fragment_bytes,round,bytes,wall_ms,mib_per_s,sha256
HEADER_PROFILE,type,variant,fragment_bytes,round,bytes,wall_ms,mib_per_s,read_ms,write_ms,hash_ms,flush_ms,sync_ms,move_ms,other_ms,sha256
BENCH,current,8192,1,67108864,325.600,196.560,6f27ffab3267ab309adbfbd8efb1fa4a04221a632381bbdf6737d0eae8b74dbf
BENCH,raw256,8192,1,67108864,402.319,159.078,6f27ffab3267ab309adbfbd8efb1fa4a04221a632381bbdf6737d0eae8b74dbf
BENCH,buffered64,8192,1,67108864,305.610,209.417,6f27ffab3267ab309adbfbd8efb1fa4a04221a632381bbdf6737d0eae8b74dbf
BENCH,buffered256,8192,1,67108864,283.105,226.065,6f27ffab3267ab309adbfbd8efb1fa4a04221a632381bbdf6737d0eae8b74dbf
BENCH,current-nohash,8192,1,67108864,319.740,200.163,null
BENCH,buffered-nohash,8192,1,67108864,239.859,266.824,null
PROFILE,current,8192,1,67108864,370.020,172.964,7.305,222.975,48.002,0.000,51.237,20.183,20.317,6f27ffab3267ab309adbfbd8efb1fa4a04221a632381bbdf6737d0eae8b74dbf
PROFILE,raw256,8192,1,67108864,373.014,171.575,6.475,201.648,45.506,0.000,62.803,39.057,17.525,6f27ffab3267ab309adbfbd8efb1fa4a04221a632381bbdf6737d0eae8b74dbf
PROFILE,buffered64,8192,1,67108864,285.079,224.499,4.846,49.768,46.022,0.138,135.406,36.472,12.427,6f27ffab3267ab309adbfbd8efb1fa4a04221a632381bbdf6737d0eae8b74dbf
PROFILE,buffered256,8192,1,67108864,279.181,229.242,4.248,49.499,47.767,0.140,135.750,31.035,10.742,6f27ffab3267ab309adbfbd8efb1fa4a04221a632381bbdf6737d0eae8b74dbf
PROFILE,current-nohash,8192,1,67108864,341.467,187.426,6.906,191.086,0.000,0.000,100.986,25.237,17.252,null
PROFILE,buffered-nohash,8192,1,67108864,278.895,229.477,5.726,68.189,0.000,0.146,156.709,34.838,13.287,null
BENCH,current,16384,1,67108864,330.033,193.920,6f27ffab3267ab309adbfbd8efb1fa4a04221a632381bbdf6737d0eae8b74dbf
BENCH,raw256,16384,1,67108864,525.049,121.893,6f27ffab3267ab309adbfbd8efb1fa4a04221a632381bbdf6737d0eae8b74dbf
BENCH,buffered64,16384,1,67108864,267.642,239.126,6f27ffab3267ab309adbfbd8efb1fa4a04221a632381bbdf6737d0eae8b74dbf
BENCH,buffered256,16384,1,67108864,254.500,251.473,6f27ffab3267ab309adbfbd8efb1fa4a04221a632381bbdf6737d0eae8b74dbf
BENCH,current-nohash,16384,1,67108864,301.717,212.119,null
BENCH,buffered-nohash,16384,1,67108864,203.781,314.062,null
PROFILE,current,16384,1,67108864,286.787,223.162,8.051,138.017,47.245,0.000,56.921,20.258,16.294,6f27ffab3267ab309adbfbd8efb1fa4a04221a632381bbdf6737d0eae8b74dbf
PROFILE,raw256,16384,1,67108864,301.603,212.199,6.553,143.943,48.519,0.000,68.948,19.926,13.714,6f27ffab3267ab309adbfbd8efb1fa4a04221a632381bbdf6737d0eae8b74dbf
PROFILE,buffered64,16384,1,67108864,224.833,284.655,5.908,49.503,45.135,0.143,74.406,37.088,12.651,6f27ffab3267ab309adbfbd8efb1fa4a04221a632381bbdf6737d0eae8b74dbf
PROFILE,buffered256,16384,1,67108864,246.090,260.067,5.128,63.606,45.676,0.167,92.157,26.661,12.696,6f27ffab3267ab309adbfbd8efb1fa4a04221a632381bbdf6737d0eae8b74dbf
PROFILE,current-nohash,16384,1,67108864,239.377,267.360,6.391,155.307,0.000,0.000,43.264,19.841,14.574,null
PROFILE,buffered-nohash,16384,1,67108864,233.780,273.762,5.199,60.258,0.000,0.170,127.800,30.650,9.701,null
BENCH,current,65536,1,67108864,296.260,216.027,6f27ffab3267ab309adbfbd8efb1fa4a04221a632381bbdf6737d0eae8b74dbf
BENCH,raw256,65536,1,67108864,264.775,241.715,6f27ffab3267ab309adbfbd8efb1fa4a04221a632381bbdf6737d0eae8b74dbf
BENCH,buffered64,65536,1,67108864,212.718,300.868,6f27ffab3267ab309adbfbd8efb1fa4a04221a632381bbdf6737d0eae8b74dbf
BENCH,buffered256,65536,1,67108864,257.556,248.490,6f27ffab3267ab309adbfbd8efb1fa4a04221a632381bbdf6737d0eae8b74dbf
BENCH,current-nohash,65536,1,67108864,281.840,227.079,null
BENCH,buffered-nohash,65536,1,67108864,287.241,222.809,null
PROFILE,current,65536,1,67108864,329.969,193.958,5.604,75.410,45.858,0.000,155.956,34.737,12.404,6f27ffab3267ab309adbfbd8efb1fa4a04221a632381bbdf6737d0eae8b74dbf
PROFILE,raw256,65536,1,67108864,323.630,197.756,6.717,101.621,46.149,0.000,119.000,38.175,11.968,6f27ffab3267ab309adbfbd8efb1fa4a04221a632381bbdf6737d0eae8b74dbf
PROFILE,buffered64,65536,1,67108864,326.777,195.852,5.413,101.518,45.210,0.196,130.983,33.469,9.987,6f27ffab3267ab309adbfbd8efb1fa4a04221a632381bbdf6737d0eae8b74dbf
PROFILE,buffered256,65536,1,67108864,349.710,183.009,5.757,76.755,44.683,0.150,172.103,34.969,15.292,6f27ffab3267ab309adbfbd8efb1fa4a04221a632381bbdf6737d0eae8b74dbf
PROFILE,current-nohash,65536,1,67108864,354.267,180.655,6.259,106.817,0.000,0.000,191.869,39.044,10.277,null
PROFILE,buffered-nohash,65536,1,67108864,272.519,234.846,6.752,103.779,0.000,0.136,118.874,34.793,8.185,null
BENCH,raw256,16384,2,67108864,368.669,173.598,6f27ffab3267ab309adbfbd8efb1fa4a04221a632381bbdf6737d0eae8b74dbf
BENCH,buffered64,16384,2,67108864,347.947,183.936,6f27ffab3267ab309adbfbd8efb1fa4a04221a632381bbdf6737d0eae8b74dbf
BENCH,buffered256,16384,2,67108864,288.756,221.640,6f27ffab3267ab309adbfbd8efb1fa4a04221a632381bbdf6737d0eae8b74dbf
BENCH,current-nohash,16384,2,67108864,306.699,208.674,null
BENCH,buffered-nohash,16384,2,67108864,258.708,247.383,null
PROFILE,current,16384,2,67108864,392.816,162.926,6.875,159.514,49.851,0.000,127.829,32.868,15.880,6f27ffab3267ab309adbfbd8efb1fa4a04221a632381bbdf6737d0eae8b74dbf
PROFILE,raw256,16384,2,67108864,328.116,195.053,8.697,152.161,44.133,0.000,82.412,21.122,19.591,6f27ffab3267ab309adbfbd8efb1fa4a04221a632381bbdf6737d0eae8b74dbf
PROFILE,buffered64,16384,2,67108864,358.078,178.732,5.093,54.675,45.233,0.163,201.738,38.352,12.825,6f27ffab3267ab309adbfbd8efb1fa4a04221a632381bbdf6737d0eae8b74dbf
PROFILE,buffered256,16384,2,67108864,389.925,164.134,5.163,55.739,45.480,0.144,234.526,36.488,12.385,6f27ffab3267ab309adbfbd8efb1fa4a04221a632381bbdf6737d0eae8b74dbf
PROFILE,current-nohash,16384,2,67108864,728.750,87.822,6.152,166.774,0.000,0.000,504.765,37.124,13.935,null
PROFILE,buffered-nohash,16384,2,67108864,194.525,329.006,5.578,44.269,0.000,0.171,90.415,42.219,11.873,null
BENCH,current,16384,2,67108864,264.771,241.719,6f27ffab3267ab309adbfbd8efb1fa4a04221a632381bbdf6737d0eae8b74dbf
BENCH,raw256,65536,2,67108864,250.666,255.319,6f27ffab3267ab309adbfbd8efb1fa4a04221a632381bbdf6737d0eae8b74dbf
BENCH,buffered64,65536,2,67108864,343.845,186.131,6f27ffab3267ab309adbfbd8efb1fa4a04221a632381bbdf6737d0eae8b74dbf
BENCH,buffered256,65536,2,67108864,179.049,357.444,6f27ffab3267ab309adbfbd8efb1fa4a04221a632381bbdf6737d0eae8b74dbf
BENCH,current-nohash,65536,2,67108864,180.597,354.380,null
BENCH,buffered-nohash,65536,2,67108864,138.279,462.832,null
PROFILE,current,65536,2,67108864,173.333,369.231,5.320,64.757,44.488,0.000,29.650,17.190,11.928,6f27ffab3267ab309adbfbd8efb1fa4a04221a632381bbdf6737d0eae8b74dbf
PROFILE,raw256,65536,2,67108864,155.585,411.350,5.388,61.254,44.834,0.000,20.460,15.110,8.538,6f27ffab3267ab309adbfbd8efb1fa4a04221a632381bbdf6737d0eae8b74dbf
PROFILE,buffered64,65536,2,67108864,151.717,421.838,5.371,46.685,44.043,0.124,32.534,15.706,7.254,6f27ffab3267ab309adbfbd8efb1fa4a04221a632381bbdf6737d0eae8b74dbf
PROFILE,buffered256,65536,2,67108864,265.414,241.132,5.146,43.017,39.861,0.124,133.584,36.275,7.407,6f27ffab3267ab309adbfbd8efb1fa4a04221a632381bbdf6737d0eae8b74dbf
PROFILE,current-nohash,65536,2,67108864,1191.076,53.733,7.355,340.843,0.000,0.000,810.494,20.061,12.322,null
PROFILE,buffered-nohash,65536,2,67108864,365.752,174.982,6.189,96.288,0.000,0.163,218.855,35.013,9.245,null
BENCH,current,65536,2,67108864,376.286,170.083,6f27ffab3267ab309adbfbd8efb1fa4a04221a632381bbdf6737d0eae8b74dbf
BENCH,raw256,8192,2,67108864,373.016,171.574,6f27ffab3267ab309adbfbd8efb1fa4a04221a632381bbdf6737d0eae8b74dbf
BENCH,buffered64,8192,2,67108864,285.164,224.432,6f27ffab3267ab309adbfbd8efb1fa4a04221a632381bbdf6737d0eae8b74dbf
BENCH,buffered256,8192,2,67108864,360.563,177.500,6f27ffab3267ab309adbfbd8efb1fa4a04221a632381bbdf6737d0eae8b74dbf
BENCH,current-nohash,8192,2,67108864,436.886,146.491,null
BENCH,buffered-nohash,8192,2,67108864,235.371,271.911,null
PROFILE,current,8192,2,67108864,454.744,140.738,6.489,202.312,46.259,0.000,144.223,38.156,17.305,6f27ffab3267ab309adbfbd8efb1fa4a04221a632381bbdf6737d0eae8b74dbf
PROFILE,raw256,8192,2,67108864,769.421,83.179,7.396,293.741,44.175,0.000,363.995,41.736,18.379,6f27ffab3267ab309adbfbd8efb1fa4a04221a632381bbdf6737d0eae8b74dbf
PROFILE,buffered64,8192,2,67108864,392.035,163.251,4.555,48.055,48.346,0.130,241.806,35.318,13.825,6f27ffab3267ab309adbfbd8efb1fa4a04221a632381bbdf6737d0eae8b74dbf
PROFILE,buffered256,8192,2,67108864,431.517,148.314,5.911,90.323,45.751,0.176,254.625,23.143,11.588,6f27ffab3267ab309adbfbd8efb1fa4a04221a632381bbdf6737d0eae8b74dbf
PROFILE,current-nohash,8192,2,67108864,442.343,144.684,6.879,197.966,0.000,0.000,181.064,39.959,16.475,null
PROFILE,buffered-nohash,8192,2,67108864,406.463,157.456,4.605,67.675,0.000,0.134,273.025,40.072,20.952,null
BENCH,current,8192,2,67108864,717.257,89.229,6f27ffab3267ab309adbfbd8efb1fa4a04221a632381bbdf6737d0eae8b74dbf
BENCH,buffered64,65536,3,67108864,253.741,252.226,6f27ffab3267ab309adbfbd8efb1fa4a04221a632381bbdf6737d0eae8b74dbf
BENCH,buffered256,65536,3,67108864,287.909,222.293,6f27ffab3267ab309adbfbd8efb1fa4a04221a632381bbdf6737d0eae8b74dbf
BENCH,current-nohash,65536,3,67108864,569.641,112.351,null
BENCH,buffered-nohash,65536,3,67108864,409.872,156.146,null
PROFILE,current,65536,3,67108864,456.541,140.185,5.663,70.097,45.620,0.000,281.451,39.707,14.003,6f27ffab3267ab309adbfbd8efb1fa4a04221a632381bbdf6737d0eae8b74dbf
PROFILE,raw256,65536,3,67108864,433.730,147.557,7.265,94.928,44.850,0.000,240.046,37.107,9.535,6f27ffab3267ab309adbfbd8efb1fa4a04221a632381bbdf6737d0eae8b74dbf
PROFILE,buffered64,65536,3,67108864,711.586,89.940,5.282,63.845,43.602,0.185,570.972,19.061,8.639,6f27ffab3267ab309adbfbd8efb1fa4a04221a632381bbdf6737d0eae8b74dbf
PROFILE,buffered256,65536,3,67108864,340.464,187.979,5.754,93.731,44.256,0.198,145.354,39.016,12.156,6f27ffab3267ab309adbfbd8efb1fa4a04221a632381bbdf6737d0eae8b74dbf
PROFILE,current-nohash,65536,3,67108864,447.528,143.008,6.088,129.788,0.000,0.000,259.169,39.877,12.605,null
PROFILE,buffered-nohash,65536,3,67108864,506.199,126.432,5.268,111.379,0.000,0.155,343.517,35.234,10.646,null
BENCH,current,65536,3,67108864,2232.065,28.673,6f27ffab3267ab309adbfbd8efb1fa4a04221a632381bbdf6737d0eae8b74dbf
BENCH,raw256,65536,3,67108864,363.521,176.056,6f27ffab3267ab309adbfbd8efb1fa4a04221a632381bbdf6737d0eae8b74dbf
BENCH,buffered64,8192,3,67108864,2209.586,28.965,6f27ffab3267ab309adbfbd8efb1fa4a04221a632381bbdf6737d0eae8b74dbf
BENCH,buffered256,8192,3,67108864,2078.096,30.797,6f27ffab3267ab309adbfbd8efb1fa4a04221a632381bbdf6737d0eae8b74dbf
BENCH,current-nohash,8192,3,67108864,768.163,83.316,null
BENCH,buffered-nohash,8192,3,67108864,379.958,168.440,null
PROFILE,current,8192,3,67108864,422.927,151.326,6.923,206.906,47.575,0.000,108.305,35.358,17.860,6f27ffab3267ab309adbfbd8efb1fa4a04221a632381bbdf6737d0eae8b74dbf
PROFILE,raw256,8192,3,67108864,440.465,145.301,7.905,210.167,45.474,0.000,137.369,21.283,18.266,6f27ffab3267ab309adbfbd8efb1fa4a04221a632381bbdf6737d0eae8b74dbf
PROFILE,buffered64,8192,3,67108864,351.916,181.862,5.298,56.628,45.864,0.142,191.751,39.389,12.844,6f27ffab3267ab309adbfbd8efb1fa4a04221a632381bbdf6737d0eae8b74dbf
PROFILE,buffered256,8192,3,67108864,364.519,175.574,6.470,73.856,50.392,0.190,179.894,37.158,16.559,6f27ffab3267ab309adbfbd8efb1fa4a04221a632381bbdf6737d0eae8b74dbf
PROFILE,current-nohash,8192,3,67108864,362.940,176.338,6.916,195.100,0.000,0.000,124.876,22.649,13.399,null
PROFILE,buffered-nohash,8192,3,67108864,675.734,94.712,5.336,77.371,0.000,0.168,546.422,35.143,11.295,null
BENCH,current,8192,3,67108864,1165.078,54.932,6f27ffab3267ab309adbfbd8efb1fa4a04221a632381bbdf6737d0eae8b74dbf
BENCH,raw256,8192,3,67108864,746.883,85.689,6f27ffab3267ab309adbfbd8efb1fa4a04221a632381bbdf6737d0eae8b74dbf
BENCH,buffered64,16384,3,67108864,374.417,170.932,6f27ffab3267ab309adbfbd8efb1fa4a04221a632381bbdf6737d0eae8b74dbf
BENCH,buffered256,16384,3,67108864,366.820,174.472,6f27ffab3267ab309adbfbd8efb1fa4a04221a632381bbdf6737d0eae8b74dbf
BENCH,current-nohash,16384,3,67108864,359.737,177.908,null
BENCH,buffered-nohash,16384,3,67108864,368.643,173.610,null
PROFILE,current,16384,3,67108864,440.815,145.186,6.285,178.090,48.949,0.000,149.888,41.011,16.591,6f27ffab3267ab309adbfbd8efb1fa4a04221a632381bbdf6737d0eae8b74dbf
PROFILE,raw256,16384,3,67108864,537.388,119.095,6.811,193.682,47.836,0.000,238.138,36.778,14.142,6f27ffab3267ab309adbfbd8efb1fa4a04221a632381bbdf6737d0eae8b74dbf
PROFILE,buffered64,16384,3,67108864,353.067,181.269,4.758,45.818,46.483,0.127,206.348,39.413,10.119,6f27ffab3267ab309adbfbd8efb1fa4a04221a632381bbdf6737d0eae8b74dbf
PROFILE,buffered256,16384,3,67108864,340.932,187.721,4.777,46.544,45.040,0.140,199.605,31.674,13.152,6f27ffab3267ab309adbfbd8efb1fa4a04221a632381bbdf6737d0eae8b74dbf
PROFILE,current-nohash,16384,3,67108864,323.246,197.991,6.666,144.568,0.000,0.000,123.026,35.246,13.740,null
PROFILE,buffered-nohash,16384,3,67108864,333.988,191.624,4.716,50.813,0.000,0.132,231.831,33.515,12.981,null
BENCH,current,16384,3,67108864,440.240,145.375,6f27ffab3267ab309adbfbd8efb1fa4a04221a632381bbdf6737d0eae8b74dbf
BENCH,raw256,16384,3,67108864,477.196,134.117,6f27ffab3267ab309adbfbd8efb1fa4a04221a632381bbdf6737d0eae8b74dbf
DONE,persisted_sha256_verified,6f27ffab3267ab309adbfbd8efb1fa4a04221a632381bbdf6737d0eae8b74dbf
DONE,payload,/storage/emulated/0/Download/.station-benchmark-20261005/station-bench-370741571086569596/payload.bin
