"Artefato","Caminho","Motivo"
"codigo-java-recursos-sanitizado.zip","resources/assets/bios/c52.bin","BIOS, firmware e chaves: somente na cópia local"
"codigo-java-recursos-sanitizado.zip","resources/assets/bios/dc/awbios.zip","BIOS, firmware e chaves: somente na cópia local"
"codigo-java-recursos-sanitizado.zip","resources/assets/bios/fbneo/neogeo.zip","BIOS, firmware e chaves: somente na cópia local"
"codigo-java-recursos-sanitizado.zip","resources/assets/bios/mame2003-plus/3dobios.zip","BIOS, firmware e chaves: somente na cópia local"
"codigo-java-recursos-sanitizado.zip","resources/assets/bios/mame2003-plus/airlbios.zip","BIOS, firmware e chaves: somente na cópia local"
"codigo-java-recursos-sanitizado.zip","resources/assets/bios/mame2003-plus/aleck64.zip","BIOS, firmware e chaves: somente na cópia local"
"codigo-java-recursos-sanitizado.zip","resources/assets/bios/mame2003-plus/alg_bios.zip","BIOS, firmware e chaves: somente na cópia local"
"codigo-java-recursos-sanitizado.zip","resources/assets/bios/mame2003-plus/alg3do.zip","BIOS, firmware e chaves: somente na cópia local"
"codigo-java-recursos-sanitizado.zip","resources/assets/bios/mame2003-plus/allied.zip","BIOS, firmware e chaves: somente na cópia local"
"codigo-java-recursos-sanitizado.zip","resources/assets/bios/mame2003-plus/ar_bios.zip","BIOS, firmware e chaves: somente na cópia local"
"codigo-java-recursos-sanitizado.zip","resources/assets/bios/mame2003-plus/aristmk5.zip","BIOS, firmware e chaves: somente na cópia local"
"codigo-java-recursos-sanitizado.zip","resources/assets/bios/mame2003-plus/atarisy1.zip","BIOS, firmware e chaves: somente na cópia local"
"codigo-java-recursos-sanitizado.zip","resources/assets/bios/mame2003-plus/awbios.zip","BIOS, firmware e chaves: somente na cópia local"
"codigo-java-recursos-sanitizado.zip","resources/assets/bios/mame2003-plus/bubsys.zip","BIOS, firmware e chaves: somente na cópia local"
"codigo-java-recursos-sanitizado.zip","resources/assets/bios/mame2003-plus/cdibios.zip","BIOS, firmware e chaves: somente na cópia local"
"codigo-java-recursos-sanitizado.zip","resources/assets/bios/mame2003-plus/cedmag.zip","BIOS, firmware e chaves: somente na cópia local"
"codigo-java-recursos-sanitizado.zip","resources/assets/bios/mame2003-plus/chihiro.zip","BIOS, firmware e chaves: somente na cópia local"
"codigo-java-recursos-sanitizado.zip","resources/assets/bios/mame2003-plus/coh1000a.zip","BIOS, firmware e chaves: somente na cópia local"
"codigo-java-recursos-sanitizado.zip","resources/assets/bios/mame2003-plus/coh1000c.zip","BIOS, firmware e chaves: somente na cópia local"
"codigo-java-recursos-sanitizado.zip","resources/assets/bios/mame2003-plus/coh1000t.zip","BIOS, firmware e chaves: somente na cópia local"
"codigo-java-recursos-sanitizado.zip","resources/assets/bios/mame2003-plus/coh1000w.zip","BIOS, firmware e chaves: somente na cópia local"
"codigo-java-recursos-sanitizado.zip","resources/assets/bios/mame2003-plus/coh1001l.zip","BIOS, firmware e chaves: somente na cópia local"
"codigo-java-recursos-sanitizado.zip","resources/assets/bios/mame2003-plus/coh1002e.zip","BIOS, firmware e chaves: somente na cópia local"
"codigo-java-recursos-sanitizado.zip","resources/assets/bios/mame2003-plus/coh1002m.zip","BIOS, firmware e chaves: somente na cópia local"
"codigo-java-recursos-sanitizado.zip","resources/assets/bios/mame2003-plus/coh1002v.zip","BIOS, firmware e chaves: somente na cópia local"
"codigo-java-recursos-sanitizado.zip","resources/assets/bios/mame2003-plus/coh3002c.zip","BIOS, firmware e chaves: somente na cópia local"
"codigo-java-recursos-sanitizado.zip","resources/assets/bios/mame2003-plus/coh3002t.zip","BIOS, firmware e chaves: somente na cópia local"
"codigo-java-recursos-sanitizado.zip","resources/assets/bios/mame2003-plus/cpzn1.zip","BIOS, firmware e chaves: somente na cópia local"
"codigo-java-recursos-sanitizado.zip","resources/assets/bios/mame2003-plus/cpzn2.zip","BIOS, firmware e chaves: somente na cópia local"
"codigo-java-recursos-sanitizado.zip","resources/assets/bios/mame2003-plus/crysbios.zip","BIOS, firmware e chaves: somente na cópia local"
"codigo-java-recursos-sanitizado.zip","resources/assets/bios/mame2003-plus/cubo.zip","BIOS, firmware e chaves: somente na cópia local"
"codigo-java-recursos-sanitizado.zip","resources/assets/bios/mame2003-plus/cvs.zip","BIOS, firmware e chaves: somente na cópia local"
"codigo-java-recursos-sanitizado.zip","resources/assets/bios/mame2003-plus/decocass.zip","BIOS, firmware e chaves: somente na cópia local"
"codigo-java-recursos-sanitizado.zip","resources/assets/bios/mame2003-plus/f355bios.zip","BIOS, firmware e chaves: somente na cópia local"
"codigo-java-recursos-sanitizado.zip","resources/assets/bios/mame2003-plus/f355dlx.zip","BIOS, firmware e chaves: somente na cópia local"
"codigo-java-recursos-sanitizado.zip","resources/assets/bios/mame2003-plus/galgbios.zip","BIOS, firmware e chaves: somente na cópia local"
"codigo-java-recursos-sanitizado.zip","resources/assets/bios/mame2003-plus/gp_110.zip","BIOS, firmware e chaves: somente na cópia local"
"codigo-java-recursos-sanitizado.zip","resources/assets/bios/mame2003-plus/gq863.zip","BIOS, firmware e chaves: somente na cópia local"
"codigo-java-recursos-sanitizado.zip","resources/assets/bios/mame2003-plus/gts1.zip","BIOS, firmware e chaves: somente na cópia local"
"codigo-java-recursos-sanitizado.zip","resources/assets/bios/mame2003-plus/hikaru.zip","BIOS, firmware e chaves: somente na cópia local"
"codigo-java-recursos-sanitizado.zip","resources/assets/bios/mame2003-plus/hng64.zip","BIOS, firmware e chaves: somente na cópia local"
"codigo-java-recursos-sanitizado.zip","resources/assets/bios/mame2003-plus/hod2bios.zip","BIOS, firmware e chaves: somente na cópia local"
"codigo-java-recursos-sanitizado.zip","resources/assets/bios/mame2003-plus/isgsm.zip","BIOS, firmware e chaves: somente na cópia local"
"codigo-java-recursos-sanitizado.zip","resources/assets/bios/mame2003-plus/konamigv.zip","BIOS, firmware e chaves: somente na cópia local"
"codigo-java-recursos-sanitizado.zip","resources/assets/bios/mame2003-plus/konamigx.zip","BIOS, firmware e chaves: somente na cópia local"
"codigo-java-recursos-sanitizado.zip","resources/assets/bios/mame2003-plus/kviper.zip","BIOS, firmware e chaves: somente na cópia local"
"codigo-java-recursos-sanitizado.zip","resources/assets/bios/mame2003-plus/lindbios.zip","BIOS, firmware e chaves: somente na cópia local"
"codigo-java-recursos-sanitizado.zip","resources/assets/bios/mame2003-plus/macsbios.zip","BIOS, firmware e chaves: somente na cópia local"
"codigo-java-recursos-sanitizado.zip","resources/assets/bios/mame2003-plus/maxaflex.zip","BIOS, firmware e chaves: somente na cópia local"
"codigo-java-recursos-sanitizado.zip","resources/assets/bios/mame2003-plus/megaplay.zip","BIOS, firmware e chaves: somente na cópia local"
"codigo-java-recursos-sanitizado.zip","resources/assets/bios/mame2003-plus/megatech.zip","BIOS, firmware e chaves: somente na cópia local"
"codigo-java-recursos-sanitizado.zip","resources/assets/bios/mame2003-plus/neogeo.zip","BIOS, firmware e chaves: somente na cópia local"
"codigo-java-recursos-sanitizado.zip","resources/assets/bios/mame2003-plus/nichidvd.zip","BIOS, firmware e chaves: somente na cópia local"
"codigo-java-recursos-sanitizado.zip","resources/assets/bios/mame2003-plus/nss.zip","BIOS, firmware e chaves: somente na cópia local"
"codigo-java-recursos-sanitizado.zip","resources/assets/bios/mame2003-plus/pgm.zip","BIOS, firmware e chaves: somente na cópia local"
"codigo-java-recursos-sanitizado.zip","resources/assets/bios/mame2003-plus/playch10.zip","BIOS, firmware e chaves: somente na cópia local"
"codigo-java-recursos-sanitizado.zip","resources/assets/bios/mame2003-plus/sammymdl.zip","BIOS, firmware e chaves: somente na cópia local"
"codigo-java-recursos-sanitizado.zip","resources/assets/bios/mame2003-plus/sfcbox.zip","BIOS, firmware e chaves: somente na cópia local"
"codigo-java-recursos-sanitizado.zip","resources/assets/bios/mame2003-plus/shtzone.zip","BIOS, firmware e chaves: somente na cópia local"
"codigo-java-recursos-sanitizado.zip","resources/assets/bios/mame2003-plus/skns.zip","BIOS, firmware e chaves: somente na cópia local"
"codigo-java-recursos-sanitizado.zip","resources/assets/bios/mame2003-plus/stvbios.zip","BIOS, firmware e chaves: somente na cópia local"
"codigo-java-recursos-sanitizado.zip","resources/assets/bios/mame2003-plus/su2000.zip","BIOS, firmware e chaves: somente na cópia local"
"codigo-java-recursos-sanitizado.zip","resources/assets/bios/mame2003-plus/sys246.zip","BIOS, firmware e chaves: somente na cópia local"
"codigo-java-recursos-sanitizado.zip","resources/assets/bios/mame2003-plus/sys256.zip","BIOS, firmware e chaves: somente na cópia local"
"codigo-java-recursos-sanitizado.zip","resources/assets/bios/mame2003-plus/sys573.zip","BIOS, firmware e chaves: somente na cópia local"
"codigo-java-recursos-sanitizado.zip","resources/assets/bios/mame2003-plus/taitofx1.zip","BIOS, firmware e chaves: somente na cópia local"
"codigo-java-recursos-sanitizado.zip","resources/assets/bios/mame2003-plus/taitotz.zip","BIOS, firmware e chaves: somente na cópia local"
"codigo-java-recursos-sanitizado.zip","resources/assets/bios/mame2003-plus/tourvis.zip","BIOS, firmware e chaves: somente na cópia local"
"codigo-java-recursos-sanitizado.zip","resources/assets/bios/mame2003-plus/tps.zip","BIOS, firmware e chaves: somente na cópia local"
"codigo-java-recursos-sanitizado.zip","resources/assets/bios/mame2003-plus/triforce.zip","BIOS, firmware e chaves: somente na cópia local"
"codigo-java-recursos-sanitizado.zip","resources/assets/bios/mame2003-plus/v4bios.zip","BIOS, firmware e chaves: somente na cópia local"
"codigo-java-recursos-sanitizado.zip","resources/assets/bios/neocd/000-lo.lo","BIOS, firmware e chaves: somente na cópia local"
"codigo-java-recursos-sanitizado.zip","resources/assets/bios/neocd/neocd.bin","BIOS, firmware e chaves: somente na cópia local"
"codigo-java-recursos-sanitizado.zip","resources/assets/bios/neocd/uni-bioscd.rom","BIOS, firmware e chaves: somente na cópia local"
"codigo-java-recursos-sanitizado.zip","resources/assets/bios/o2rom.bin","BIOS, firmware e chaves: somente na cópia local"
"codigo-java-recursos-sanitizado.zip","resources/assets/bios/pcsx2/bios/SCPH-70012_BIOS_V12_USA_200.BIN","BIOS, firmware e chaves: somente na cópia local"
"codigo-java-recursos-sanitizado.zip","resources/assets/bios/pcsx2/bios/SCPH-70012_BIOS_V12_USA_200.MEC","BIOS, firmware e chaves: somente na cópia local"
"codigo-java-recursos-sanitizado.zip","resources/assets/bios/pcsx2/bios/SCPH-70012_BIOS_V12_USA_200.NVM","BIOS, firmware e chaves: somente na cópia local"
"codigo-java-recursos-sanitizado.zip","resources/assets/bios/saturn_bios.bin","BIOS, firmware e chaves: somente na cópia local"
"codigo-java-recursos-sanitizado.zip","resources/assets/bios/suyu/keys/prod.keys","BIOS, firmware e chaves: somente na cópia local"
"codigo-java-recursos-sanitizado.zip","resources/assets/bios/suyu/keys/title.keys","BIOS, firmware e chaves: somente na cópia local"
"codigo-java-recursos-sanitizado.zip","resources/assets/packs/Dolphin.zip","Pacotes de sistema e firmware: somente na cópia local"
"codigo-java-recursos-sanitizado.zip","resources/DebugProbesKt.bin","Binário, arquivo de chaves ou pacote aninhado: omitido da edição pública"
"codigo-java-recursos-sanitizado.zip","resources/kotlin/annotation/annotation.kotlin_builtins","Binário, arquivo de chaves ou pacote aninhado: omitido da edição pública"
"codigo-java-recursos-sanitizado.zip","resources/kotlin/collections/collections.kotlin_builtins","Binário, arquivo de chaves ou pacote aninhado: omitido da edição pública"
"codigo-java-recursos-sanitizado.zip","resources/kotlin/concurrent/atomics/atomics.kotlin_builtins","Binário, arquivo de chaves ou pacote aninhado: omitido da edição pública"
"codigo-java-recursos-sanitizado.zip","resources/kotlin/coroutines/coroutines.kotlin_builtins","Binário, arquivo de chaves ou pacote aninhado: omitido da edição pública"
"codigo-java-recursos-sanitizado.zip","resources/kotlin/internal/internal.kotlin_builtins","Binário, arquivo de chaves ou pacote aninhado: omitido da edição pública"
"codigo-java-recursos-sanitizado.zip","resources/kotlin/kotlin.kotlin_builtins","Binário, arquivo de chaves ou pacote aninhado: omitido da edição pública"
"codigo-java-recursos-sanitizado.zip","resources/kotlin/ranges/ranges.kotlin_builtins","Binário, arquivo de chaves ou pacote aninhado: omitido da edição pública"
"codigo-java-recursos-sanitizado.zip","resources/kotlin/reflect/reflect.kotlin_builtins","Binário, arquivo de chaves ou pacote aninhado: omitido da edição pública"
"codigo-java-recursos-sanitizado.zip","resources/lib/arm64-v8a/libarmsx2_libretro_android.so","Biblioteca nativa binária: pode preservar credenciais embutidas"
"codigo-java-recursos-sanitizado.zip","resources/lib/arm64-v8a/libc++_shared.so","Biblioteca nativa binária: pode preservar credenciais embutidas"
"codigo-java-recursos-sanitizado.zip","resources/lib/arm64-v8a/libdolphin_libretro_android.so","Biblioteca nativa binária: pode preservar credenciais embutidas"
"codigo-java-recursos-sanitizado.zip","resources/lib/arm64-v8a/libmain.so","Biblioteca nativa binária: pode preservar credenciais embutidas"
"codigo-java-recursos-sanitizado.zip","resources/lib/arm64-v8a/libmupen64plus_next_gles3_libretro_android.so","Biblioteca nativa binária: pode preservar credenciais embutidas"
"codigo-java-recursos-sanitizado.zip","resources/lib/arm64-v8a/libSDL2.so","Biblioteca nativa binária: pode preservar credenciais embutidas"
"codigo-java-recursos-sanitizado.zip","resources/lib/arm64-v8a/libsuyu_libretro_android.so","Biblioteca nativa binária: pode preservar credenciais embutidas"
"codigo-java-recursos-sanitizado.zip","resources/lib/arm64-v8a/libyabasanshiro_libretro_android.so","Biblioteca nativa binária: pode preservar credenciais embutidas"
"codigo-java-recursos-sanitizado.zip","resources/META-INF/androidx.annotation_annotation-experimental.version","Metadados de empacotamento: omitidos da edição de estudo"
"codigo-java-recursos-sanitizado.zip","resources/META-INF/androidx.arch.core_core-runtime.version","Metadados de empacotamento: omitidos da edição de estudo"
"codigo-java-recursos-sanitizado.zip","resources/META-INF/androidx.core_core.version","Metadados de empacotamento: omitidos da edição de estudo"
"codigo-java-recursos-sanitizado.zip","resources/META-INF/androidx.interpolator_interpolator.version","Metadados de empacotamento: omitidos da edição de estudo"
"codigo-java-recursos-sanitizado.zip","resources/META-INF/androidx.lifecycle_lifecycle-runtime.version","Metadados de empacotamento: omitidos da edição de estudo"
"codigo-java-recursos-sanitizado.zip","resources/META-INF/androidx.profileinstaller_profileinstaller.version","Metadados de empacotamento: omitidos da edição de estudo"
"codigo-java-recursos-sanitizado.zip","resources/META-INF/androidx.startup_startup-runtime.version","Metadados de empacotamento: omitidos da edição de estudo"
"codigo-java-recursos-sanitizado.zip","resources/META-INF/androidx.tracing_tracing.version","Metadados de empacotamento: omitidos da edição de estudo"
"codigo-java-recursos-sanitizado.zip","resources/META-INF/androidx.versionedparcelable_versionedparcelable.version","Metadados de empacotamento: omitidos da edição de estudo"
"codigo-java-recursos-sanitizado.zip","resources/META-INF/com/android/build/gradle/app-metadata.properties","Metadados de empacotamento: omitidos da edição de estudo"
"codigo-java-recursos-sanitizado.zip","resources/META-INF/kotlinx_coroutines_android.version","Metadados de empacotamento: omitidos da edição de estudo"
"codigo-java-recursos-sanitizado.zip","resources/META-INF/kotlinx_coroutines_core.version","Metadados de empacotamento: omitidos da edição de estudo"
"codigo-java-recursos-sanitizado.zip","resources/META-INF/services/kotlinx.coroutines.CoroutineExceptionHandler","Metadados de empacotamento: omitidos da edição de estudo"
"codigo-java-recursos-sanitizado.zip","resources/META-INF/services/kotlinx.coroutines.internal.MainDispatcherFactory","Metadados de empacotamento: omitidos da edição de estudo"
"apktool-smali-recursos-sanitizado.zip","assets/bios/c52.bin","BIOS, firmware e chaves: somente na cópia local"
"apktool-smali-recursos-sanitizado.zip","assets/bios/dc/awbios.zip","BIOS, firmware e chaves: somente na cópia local"
"apktool-smali-recursos-sanitizado.zip","assets/bios/fbneo/neogeo.zip","BIOS, firmware e chaves: somente na cópia local"
"apktool-smali-recursos-sanitizado.zip","assets/bios/mame2003-plus/3dobios.zip","BIOS, firmware e chaves: somente na cópia local"
"apktool-smali-recursos-sanitizado.zip","assets/bios/mame2003-plus/airlbios.zip","BIOS, firmware e chaves: somente na cópia local"
"apktool-smali-recursos-sanitizado.zip","assets/bios/mame2003-plus/aleck64.zip","BIOS, firmware e chaves: somente na cópia local"
"apktool-smali-recursos-sanitizado.zip","assets/bios/mame2003-plus/alg_bios.zip","BIOS, firmware e chaves: somente na cópia local"
"apktool-smali-recursos-sanitizado.zip","assets/bios/mame2003-plus/alg3do.zip","BIOS, firmware e chaves: somente na cópia local"
"apktool-smali-recursos-sanitizado.zip","assets/bios/mame2003-plus/allied.zip","BIOS, firmware e chaves: somente na cópia local"
"apktool-smali-recursos-sanitizado.zip","assets/bios/mame2003-plus/ar_bios.zip","BIOS, firmware e chaves: somente na cópia local"
"apktool-smali-recursos-sanitizado.zip","assets/bios/mame2003-plus/aristmk5.zip","BIOS, firmware e chaves: somente na cópia local"
"apktool-smali-recursos-sanitizado.zip","assets/bios/mame2003-plus/atarisy1.zip","BIOS, firmware e chaves: somente na cópia local"
"apktool-smali-recursos-sanitizado.zip","assets/bios/mame2003-plus/awbios.zip","BIOS, firmware e chaves: somente na cópia local"
"apktool-smali-recursos-sanitizado.zip","assets/bios/mame2003-plus/bubsys.zip","BIOS, firmware e chaves: somente na cópia local"
"apktool-smali-recursos-sanitizado.zip","assets/bios/mame2003-plus/cdibios.zip","BIOS, firmware e chaves: somente na cópia local"
"apktool-smali-recursos-sanitizado.zip","assets/bios/mame2003-plus/cedmag.zip","BIOS, firmware e chaves: somente na cópia local"
"apktool-smali-recursos-sanitizado.zip","assets/bios/mame2003-plus/chihiro.zip","BIOS, firmware e chaves: somente na cópia local"
"apktool-smali-recursos-sanitizado.zip","assets/bios/mame2003-plus/coh1000a.zip","BIOS, firmware e chaves: somente na cópia local"
"apktool-smali-recursos-sanitizado.zip","assets/bios/mame2003-plus/coh1000c.zip","BIOS, firmware e chaves: somente na cópia local"
"apktool-smali-recursos-sanitizado.zip","assets/bios/mame2003-plus/coh1000t.zip","BIOS, firmware e chaves: somente na cópia local"
"apktool-smali-recursos-sanitizado.zip","assets/bios/mame2003-plus/coh1000w.zip","BIOS, firmware e chaves: somente na cópia local"
"apktool-smali-recursos-sanitizado.zip","assets/bios/mame2003-plus/coh1001l.zip","BIOS, firmware e chaves: somente na cópia local"
"apktool-smali-recursos-sanitizado.zip","assets/bios/mame2003-plus/coh1002e.zip","BIOS, firmware e chaves: somente na cópia local"
"apktool-smali-recursos-sanitizado.zip","assets/bios/mame2003-plus/coh1002m.zip","BIOS, firmware e chaves: somente na cópia local"
"apktool-smali-recursos-sanitizado.zip","assets/bios/mame2003-plus/coh1002v.zip","BIOS, firmware e chaves: somente na cópia local"
"apktool-smali-recursos-sanitizado.zip","assets/bios/mame2003-plus/coh3002c.zip","BIOS, firmware e chaves: somente na cópia local"
"apktool-smali-recursos-sanitizado.zip","assets/bios/mame2003-plus/coh3002t.zip","BIOS, firmware e chaves: somente na cópia local"
"apktool-smali-recursos-sanitizado.zip","assets/bios/mame2003-plus/cpzn1.zip","BIOS, firmware e chaves: somente na cópia local"
"apktool-smali-recursos-sanitizado.zip","assets/bios/mame2003-plus/cpzn2.zip","BIOS, firmware e chaves: somente na cópia local"
"apktool-smali-recursos-sanitizado.zip","assets/bios/mame2003-plus/crysbios.zip","BIOS, firmware e chaves: somente na cópia local"
"apktool-smali-recursos-sanitizado.zip","assets/bios/mame2003-plus/cubo.zip","BIOS, firmware e chaves: somente na cópia local"
"apktool-smali-recursos-sanitizado.zip","assets/bios/mame2003-plus/cvs.zip","BIOS, firmware e chaves: somente na cópia local"
"apktool-smali-recursos-sanitizado.zip","assets/bios/mame2003-plus/decocass.zip","BIOS, firmware e chaves: somente na cópia local"
"apktool-smali-recursos-sanitizado.zip","assets/bios/mame2003-plus/f355bios.zip","BIOS, firmware e chaves: somente na cópia local"
"apktool-smali-recursos-sanitizado.zip","assets/bios/mame2003-plus/f355dlx.zip","BIOS, firmware e chaves: somente na cópia local"
"apktool-smali-recursos-sanitizado.zip","assets/bios/mame2003-plus/galgbios.zip","BIOS, firmware e chaves: somente na cópia local"
"apktool-smali-recursos-sanitizado.zip","assets/bios/mame2003-plus/gp_110.zip","BIOS, firmware e chaves: somente na cópia local"
"apktool-smali-recursos-sanitizado.zip","assets/bios/mame2003-plus/gq863.zip","BIOS, firmware e chaves: somente na cópia local"
"apktool-smali-recursos-sanitizado.zip","assets/bios/mame2003-plus/gts1.zip","BIOS, firmware e chaves: somente na cópia local"
"apktool-smali-recursos-sanitizado.zip","assets/bios/mame2003-plus/hikaru.zip","BIOS, firmware e chaves: somente na cópia local"
"apktool-smali-recursos-sanitizado.zip","assets/bios/mame2003-plus/hng64.zip","BIOS, firmware e chaves: somente na cópia local"
"apktool-smali-recursos-sanitizado.zip","assets/bios/mame2003-plus/hod2bios.zip","BIOS, firmware e chaves: somente na cópia local"
"apktool-smali-recursos-sanitizado.zip","assets/bios/mame2003-plus/isgsm.zip","BIOS, firmware e chaves: somente na cópia local"
"apktool-smali-recursos-sanitizado.zip","assets/bios/mame2003-plus/konamigv.zip","BIOS, firmware e chaves: somente na cópia local"
"apktool-smali-recursos-sanitizado.zip","assets/bios/mame2003-plus/konamigx.zip","BIOS, firmware e chaves: somente na cópia local"
"apktool-smali-recursos-sanitizado.zip","assets/bios/mame2003-plus/kviper.zip","BIOS, firmware e chaves: somente na cópia local"
"apktool-smali-recursos-sanitizado.zip","assets/bios/mame2003-plus/lindbios.zip","BIOS, firmware e chaves: somente na cópia local"
"apktool-smali-recursos-sanitizado.zip","assets/bios/mame2003-plus/macsbios.zip","BIOS, firmware e chaves: somente na cópia local"
"apktool-smali-recursos-sanitizado.zip","assets/bios/mame2003-plus/maxaflex.zip","BIOS, firmware e chaves: somente na cópia local"
"apktool-smali-recursos-sanitizado.zip","assets/bios/mame2003-plus/megaplay.zip","BIOS, firmware e chaves: somente na cópia local"
"apktool-smali-recursos-sanitizado.zip","assets/bios/mame2003-plus/megatech.zip","BIOS, firmware e chaves: somente na cópia local"
"apktool-smali-recursos-sanitizado.zip","assets/bios/mame2003-plus/neogeo.zip","BIOS, firmware e chaves: somente na cópia local"
"apktool-smali-recursos-sanitizado.zip","assets/bios/mame2003-plus/nichidvd.zip","BIOS, firmware e chaves: somente na cópia local"
"apktool-smali-recursos-sanitizado.zip","assets/bios/mame2003-plus/nss.zip","BIOS, firmware e chaves: somente na cópia local"
"apktool-smali-recursos-sanitizado.zip","assets/bios/mame2003-plus/pgm.zip","BIOS, firmware e chaves: somente na cópia local"
"apktool-smali-recursos-sanitizado.zip","assets/bios/mame2003-plus/playch10.zip","BIOS, firmware e chaves: somente na cópia local"
"apktool-smali-recursos-sanitizado.zip","assets/bios/mame2003-plus/sammymdl.zip","BIOS, firmware e chaves: somente na cópia local"
"apktool-smali-recursos-sanitizado.zip","assets/bios/mame2003-plus/sfcbox.zip","BIOS, firmware e chaves: somente na cópia local"
"apktool-smali-recursos-sanitizado.zip","assets/bios/mame2003-plus/shtzone.zip","BIOS, firmware e chaves: somente na cópia local"
"apktool-smali-recursos-sanitizado.zip","assets/bios/mame2003-plus/skns.zip","BIOS, firmware e chaves: somente na cópia local"
"apktool-smali-recursos-sanitizado.zip","assets/bios/mame2003-plus/stvbios.zip","BIOS, firmware e chaves: somente na cópia local"
"apktool-smali-recursos-sanitizado.zip","assets/bios/mame2003-plus/su2000.zip","BIOS, firmware e chaves: somente na cópia local"
"apktool-smali-recursos-sanitizado.zip","assets/bios/mame2003-plus/sys246.zip","BIOS, firmware e chaves: somente na cópia local"
"apktool-smali-recursos-sanitizado.zip","assets/bios/mame2003-plus/sys256.zip","BIOS, firmware e chaves: somente na cópia local"
"apktool-smali-recursos-sanitizado.zip","assets/bios/mame2003-plus/sys573.zip","BIOS, firmware e chaves: somente na cópia local"
"apktool-smali-recursos-sanitizado.zip","assets/bios/mame2003-plus/taitofx1.zip","BIOS, firmware e chaves: somente na cópia local"
"apktool-smali-recursos-sanitizado.zip","assets/bios/mame2003-plus/taitotz.zip","BIOS, firmware e chaves: somente na cópia local"
"apktool-smali-recursos-sanitizado.zip","assets/bios/mame2003-plus/tourvis.zip","BIOS, firmware e chaves: somente na cópia local"
"apktool-smali-recursos-sanitizado.zip","assets/bios/mame2003-plus/tps.zip","BIOS, firmware e chaves: somente na cópia local"
"apktool-smali-recursos-sanitizado.zip","assets/bios/mame2003-plus/triforce.zip","BIOS, firmware e chaves: somente na cópia local"
"apktool-smali-recursos-sanitizado.zip","assets/bios/mame2003-plus/v4bios.zip","BIOS, firmware e chaves: somente na cópia local"
"apktool-smali-recursos-sanitizado.zip","assets/bios/neocd/000-lo.lo","BIOS, firmware e chaves: somente na cópia local"
"apktool-smali-recursos-sanitizado.zip","assets/bios/neocd/neocd.bin","BIOS, firmware e chaves: somente na cópia local"
"apktool-smali-recursos-sanitizado.zip","assets/bios/neocd/uni-bioscd.rom","BIOS, firmware e chaves: somente na cópia local"
"apktool-smali-recursos-sanitizado.zip","assets/bios/o2rom.bin","BIOS, firmware e chaves: somente na cópia local"
"apktool-smali-recursos-sanitizado.zip","assets/bios/pcsx2/bios/SCPH-70012_BIOS_V12_USA_200.BIN","BIOS, firmware e chaves: somente na cópia local"
"apktool-smali-recursos-sanitizado.zip","assets/bios/pcsx2/bios/SCPH-70012_BIOS_V12_USA_200.MEC","BIOS, firmware e chaves: somente na cópia local"
"apktool-smali-recursos-sanitizado.zip","assets/bios/pcsx2/bios/SCPH-70012_BIOS_V12_USA_200.NVM","BIOS, firmware e chaves: somente na cópia local"
"apktool-smali-recursos-sanitizado.zip","assets/bios/saturn_bios.bin","BIOS, firmware e chaves: somente na cópia local"
"apktool-smali-recursos-sanitizado.zip","assets/bios/suyu/keys/prod.keys","BIOS, firmware e chaves: somente na cópia local"
"apktool-smali-recursos-sanitizado.zip","assets/bios/suyu/keys/title.keys","BIOS, firmware e chaves: somente na cópia local"
"apktool-smali-recursos-sanitizado.zip","assets/packs/Dolphin.zip","Pacotes de sistema e firmware: somente na cópia local"
"apktool-smali-recursos-sanitizado.zip","lib/arm64-v8a/libarmsx2_libretro_android.so","Biblioteca nativa binária: pode preservar credenciais embutidas"
"apktool-smali-recursos-sanitizado.zip","lib/arm64-v8a/libc++_shared.so","Biblioteca nativa binária: pode preservar credenciais embutidas"
"apktool-smali-recursos-sanitizado.zip","lib/arm64-v8a/libdolphin_libretro_android.so","Biblioteca nativa binária: pode preservar credenciais embutidas"
"apktool-smali-recursos-sanitizado.zip","lib/arm64-v8a/libmain.so","Biblioteca nativa binária: pode preservar credenciais embutidas"
"apktool-smali-recursos-sanitizado.zip","lib/arm64-v8a/libmupen64plus_next_gles3_libretro_android.so","Biblioteca nativa binária: pode preservar credenciais embutidas"
"apktool-smali-recursos-sanitizado.zip","lib/arm64-v8a/libSDL2.so","Biblioteca nativa binária: pode preservar credenciais embutidas"
"apktool-smali-recursos-sanitizado.zip","lib/arm64-v8a/libsuyu_libretro_android.so","Biblioteca nativa binária: pode preservar credenciais embutidas"
"apktool-smali-recursos-sanitizado.zip","lib/arm64-v8a/libyabasanshiro_libretro_android.so","Biblioteca nativa binária: pode preservar credenciais embutidas"
"apktool-smali-recursos-sanitizado.zip","original/AndroidManifest.xml","Metadados binários originais do APK: omitidos da edição de estudo"
"apktool-smali-recursos-sanitizado.zip","unknown/DebugProbesKt.bin","Binário, arquivo de chaves ou pacote aninhado: omitido da edição pública"
"apktool-smali-recursos-sanitizado.zip","unknown/kotlin/annotation/annotation.kotlin_builtins","Binário, arquivo de chaves ou pacote aninhado: omitido da edição pública"
"apktool-smali-recursos-sanitizado.zip","unknown/kotlin/collections/collections.kotlin_builtins","Binário, arquivo de chaves ou pacote aninhado: omitido da edição pública"
"apktool-smali-recursos-sanitizado.zip","unknown/kotlin/concurrent/atomics/atomics.kotlin_builtins","Binário, arquivo de chaves ou pacote aninhado: omitido da edição pública"
"apktool-smali-recursos-sanitizado.zip","unknown/kotlin/coroutines/coroutines.kotlin_builtins","Binário, arquivo de chaves ou pacote aninhado: omitido da edição pública"
"apktool-smali-recursos-sanitizado.zip","unknown/kotlin/internal/internal.kotlin_builtins","Binário, arquivo de chaves ou pacote aninhado: omitido da edição pública"
"apktool-smali-recursos-sanitizado.zip","unknown/kotlin/kotlin.kotlin_builtins","Binário, arquivo de chaves ou pacote aninhado: omitido da edição pública"
"apktool-smali-recursos-sanitizado.zip","unknown/kotlin/ranges/ranges.kotlin_builtins","Binário, arquivo de chaves ou pacote aninhado: omitido da edição pública"
"apktool-smali-recursos-sanitizado.zip","unknown/kotlin/reflect/reflect.kotlin_builtins","Binário, arquivo de chaves ou pacote aninhado: omitido da edição pública"
"apktool-smali-recursos-sanitizado.zip","unknown/META-INF/androidx.annotation_annotation-experimental.version","Metadados de empacotamento: omitidos da edição de estudo"
"apktool-smali-recursos-sanitizado.zip","unknown/META-INF/androidx.arch.core_core-runtime.version","Metadados de empacotamento: omitidos da edição de estudo"
"apktool-smali-recursos-sanitizado.zip","unknown/META-INF/androidx.core_core.version","Metadados de empacotamento: omitidos da edição de estudo"
"apktool-smali-recursos-sanitizado.zip","unknown/META-INF/androidx.interpolator_interpolator.version","Metadados de empacotamento: omitidos da edição de estudo"
"apktool-smali-recursos-sanitizado.zip","unknown/META-INF/androidx.lifecycle_lifecycle-runtime.version","Metadados de empacotamento: omitidos da edição de estudo"
"apktool-smali-recursos-sanitizado.zip","unknown/META-INF/androidx.profileinstaller_profileinstaller.version","Metadados de empacotamento: omitidos da edição de estudo"
"apktool-smali-recursos-sanitizado.zip","unknown/META-INF/androidx.startup_startup-runtime.version","Metadados de empacotamento: omitidos da edição de estudo"
"apktool-smali-recursos-sanitizado.zip","unknown/META-INF/androidx.tracing_tracing.version","Metadados de empacotamento: omitidos da edição de estudo"
"apktool-smali-recursos-sanitizado.zip","unknown/META-INF/androidx.versionedparcelable_versionedparcelable.version","Metadados de empacotamento: omitidos da edição de estudo"
"apktool-smali-recursos-sanitizado.zip","unknown/META-INF/com/android/build/gradle/app-metadata.properties","Metadados de empacotamento: omitidos da edição de estudo"
"apktool-smali-recursos-sanitizado.zip","unknown/META-INF/kotlinx_coroutines_android.version","Metadados de empacotamento: omitidos da edição de estudo"
"apktool-smali-recursos-sanitizado.zip","unknown/META-INF/kotlinx_coroutines_core.version","Metadados de empacotamento: omitidos da edição de estudo"
"apktool-smali-recursos-sanitizado.zip","unknown/META-INF/services/kotlinx.coroutines.CoroutineExceptionHandler","Metadados de empacotamento: omitidos da edição de estudo"
"apktool-smali-recursos-sanitizado.zip","unknown/META-INF/services/kotlinx.coroutines.internal.MainDispatcherFactory","Metadados de empacotamento: omitidos da edição de estudo"
"analise-nativa-simbolos.zip","libmain-strings.txt","Dump bruto potencialmente contendo credenciais ou sua representação; somente na cópia local"
"analise-nativa-simbolos.zip","libmain-disassembly.txt","Dump bruto potencialmente contendo credenciais ou sua representação; somente na cópia local"
