"Caminho","TamanhoDescompactado","TamanhoCompactado","UltimaModificacao"
"META-INF/com/android/build/gradle/app-metadata.properties","56","52","1981-01-01T01:01:02.0000000-03:00"
"classes2.dex","15644","5519","1981-01-01T01:01:02.0000000-03:00"
"classes4.dex","98760","49316","1981-01-01T01:01:02.0000000-03:00"
"classes5.dex","103964","27090","1981-01-01T01:01:02.0000000-03:00"
"assets/bios/pcsx2/bios/SCPH-70012_BIOS_V12_USA_200.BIN","4194304","2720572","1981-01-01T01:01:02.0000000-03:00"
"assets/bios/pcsx2/bios/SCPH-70012_BIOS_V12_USA_200.MEC","4","6","1981-01-01T01:01:02.0000000-03:00"
"assets/bios/pcsx2/bios/SCPH-70012_BIOS_V12_USA_200.NVM","1024","29","1981-01-01T01:01:02.0000000-03:00"
"assets/bios/suyu/keys/prod.keys","14612","7022","1981-01-01T01:01:02.0000000-03:00"
"assets/bios/suyu/keys/title.keys","1292","523","1981-01-01T01:01:02.0000000-03:00"
"assets/resources/arrow.svg","268","192","1981-01-01T01:01:02.0000000-03:00"
"assets/resources/busy_0.svg","482","195","1981-01-01T01:01:02.0000000-03:00"
"assets/resources/busy_1.svg","482","190","1981-01-01T01:01:02.0000000-03:00"
"assets/resources/busy_2.svg","482","190","1981-01-01T01:01:02.0000000-03:00"
"assets/resources/busy_3.svg","483","195","1981-01-01T01:01:02.0000000-03:00"
"assets/resources/button.png","1231","1231","1981-01-01T01:01:02.0000000-03:00"
"assets/resources/button_filled.png","1168","1168","1981-01-01T01:01:02.0000000-03:00"
"assets/resources/cartridge.svg","1932","399","1981-01-01T01:01:02.0000000-03:00"
"assets/resources/checkbox_checked.svg","479","244","1981-01-01T01:01:02.0000000-03:00"
"assets/resources/checkbox_unchecked.svg","335","210","1981-01-01T01:01:02.0000000-03:00"
"assets/resources/fav_add.svg","286","177","1981-01-01T01:01:02.0000000-03:00"
"assets/resources/fav_remove.svg","215","164","1981-01-01T01:01:02.0000000-03:00"
"assets/resources/folder.svg","495","235","1981-01-01T01:01:02.0000000-03:00"
"assets/resources/frame.png","1729","1729","1981-01-01T01:01:02.0000000-03:00"
"assets/resources/heart_filled.svg","407","261","1981-01-01T01:01:02.0000000-03:00"
"assets/resources/help/analog_down.svg","848","312","1981-01-01T01:01:02.0000000-03:00"
"assets/resources/help/analog_left.svg","848","307","1981-01-01T01:01:02.0000000-03:00"
"assets/resources/help/analog_right.svg","848","312","1981-01-01T01:01:02.0000000-03:00"
"assets/resources/help/analog_stick.svg","848","300","1981-01-01T01:01:02.0000000-03:00"
"assets/resources/help/analog_thumb.svg","848","308","1981-01-01T01:01:02.0000000-03:00"
"assets/resources/help/analog_up.svg","848","306","1981-01-01T01:01:02.0000000-03:00"
"assets/resources/help/button_1.svg","523","341","1981-01-01T01:01:02.0000000-03:00"
"assets/resources/help/button_2.svg","1204","669","1981-01-01T01:01:02.0000000-03:00"
"assets/resources/help/button_3.svg","1684","868","1981-01-01T01:01:02.0000000-03:00"
"assets/resources/help/button_4.svg","552","347","1981-01-01T01:01:02.0000000-03:00"
"assets/resources/help/button_a.svg","583","357","1981-01-01T01:01:02.0000000-03:00"
"assets/resources/help/button_b.svg","1190","665","1981-01-01T01:01:02.0000000-03:00"
"assets/resources/help/button_circle.svg","502","285","1981-01-01T01:01:02.0000000-03:00"
"assets/resources/help/button_cross.svg","689","334","1981-01-01T01:01:02.0000000-03:00"
"assets/resources/help/button_hotkey.svg","1775","925","1981-01-01T01:01:02.0000000-03:00"
"assets/resources/help/button_l.svg","544","327","1981-01-01T01:01:02.0000000-03:00"
"assets/resources/help/button_lr.svg","1437","609","1981-01-01T01:01:02.0000000-03:00"
"assets/resources/help/button_lt.svg","652","389","1981-01-01T01:01:02.0000000-03:00"
"assets/resources/help/button_r.svg","948","522","1981-01-01T01:01:02.0000000-03:00"
"assets/resources/help/button_rt.svg","1057","581","1981-01-01T01:01:02.0000000-03:00"
"assets/resources/help/button_select.svg","2521","1176","1981-01-01T01:01:02.0000000-03:00"
"assets/resources/help/button_square.svg","494","280","1981-01-01T01:01:02.0000000-03:00"
"assets/resources/help/button_start.svg","2113","1010","1981-01-01T01:01:02.0000000-03:00"
"assets/resources/help/button_triangle.svg","595","333","1981-01-01T01:01:02.0000000-03:00"
"assets/resources/help/button_x.svg","557","347","1981-01-01T01:01:02.0000000-03:00"
"assets/resources/help/button_y.svg","531","338","1981-01-01T01:01:02.0000000-03:00"
"assets/resources/help/buttons_east.svg","872","388","1981-01-01T01:01:02.0000000-03:00"
"assets/resources/help/buttons_north.svg","849","379","1981-01-01T01:01:02.0000000-03:00"
"assets/resources/help/buttons_south.svg","1448","657","1981-01-01T01:01:02.0000000-03:00"
"assets/resources/help/buttons_west.svg","821","376","1981-01-01T01:01:02.0000000-03:00"
"assets/resources/help/dpad_all.svg","1406","436","1981-01-01T01:01:02.0000000-03:00"
"assets/resources/help/dpad_down.svg","1406","445","1981-01-01T01:01:02.0000000-03:00"
"assets/resources/help/dpad_left.svg","1406","446","1981-01-01T01:01:02.0000000-03:00"
"assets/resources/help/dpad_leftright.svg","1406","446","1981-01-01T01:01:02.0000000-03:00"
"assets/resources/help/dpad_right.svg","1406","451","1981-01-01T01:01:02.0000000-03:00"
"assets/resources/help/dpad_up.svg","1406","447","1981-01-01T01:01:02.0000000-03:00"
"assets/resources/help/dpad_updown.svg","1406","448","1981-01-01T01:01:02.0000000-03:00"
"assets/resources/mamebioses.xml","1989","554","1981-01-01T01:01:02.0000000-03:00"
"assets/resources/mamedevices.xml","110784","22592","1981-01-01T01:01:02.0000000-03:00"
"assets/resources/mamenames.xml","4133659","529274","1981-01-01T01:01:02.0000000-03:00"
"assets/resources/mameres.py","3823","1430","1981-01-01T01:01:02.0000000-03:00"
"assets/resources/off.svg","1363","627","1981-01-01T01:01:02.0000000-03:00"
"assets/resources/on.svg","1736","822","1981-01-01T01:01:02.0000000-03:00"
"assets/resources/opensans_hebrew_condensed_light.ttf","32868","18853","1981-01-01T01:01:02.0000000-03:00"
"assets/resources/opensans_hebrew_condensed_regular.ttf","32364","19286","1981-01-01T01:01:02.0000000-03:00"
"assets/resources/option_arrow.svg","247","188","1981-01-01T01:01:02.0000000-03:00"
"assets/resources/profile_mockup.png","306951","306951","1981-01-01T01:01:02.0000000-03:00"
"assets/resources/scroll_gradient.png","83384","83384","1981-01-01T01:01:02.0000000-03:00"
"assets/resources/slider_knob.svg","190","151","1981-01-01T01:01:02.0000000-03:00"
"assets/resources/sounds/AcceptSoundEffect.wav","384078","384078","1981-01-01T01:01:02.0000000-03:00"
"assets/resources/sounds/BackGroundMusicWayOs.wav","12595278","12595278","1981-01-01T01:01:02.0000000-03:00"
"assets/resources/splash.svg","19024","7365","1981-01-01T01:01:02.0000000-03:00"
"assets/resources/sst_medium_condensed.ttf","479776","208417","1981-01-01T01:01:02.0000000-03:00"
"assets/resources/star_filled.svg","807","454","1981-01-01T01:01:02.0000000-03:00"
"assets/resources/star_unfilled.svg","807","458","1981-01-01T01:01:02.0000000-03:00"
"assets/resources/textinput_ninepatch.png","1275","1275","1981-01-01T01:01:02.0000000-03:00"
"assets/resources/textinput_ninepatch_active.png","3084","3084","1981-01-01T01:01:02.0000000-03:00"
"assets/resources/window_icon_256.png","4870","4870","1981-01-01T01:01:02.0000000-03:00"
"res/drawable-anydpi-v21/ic_call_answer.xml","1356","663","1981-01-01T01:01:02.0000000-03:00"
"res/drawable-anydpi-v21/ic_call_answer_low.xml","1320","644","1981-01-01T01:01:02.0000000-03:00"
"res/drawable-anydpi-v21/ic_call_answer_video.xml","772","421","1981-01-01T01:01:02.0000000-03:00"
"res/drawable-anydpi-v21/ic_call_answer_video_low.xml","736","401","1981-01-01T01:01:02.0000000-03:00"
"res/drawable-anydpi-v21/ic_call_decline.xml","1528","734","1981-01-01T01:01:02.0000000-03:00"
"res/drawable-anydpi-v21/ic_call_decline_low.xml","1492","712","1981-01-01T01:01:02.0000000-03:00"
"res/drawable-hdpi-v4/ic_call_answer.png","472","472","1981-01-01T01:01:02.0000000-03:00"
"res/drawable-hdpi-v4/ic_call_answer_low.png","472","472","1981-01-01T01:01:02.0000000-03:00"
"res/drawable-hdpi-v4/ic_call_answer_video.png","254","254","1981-01-01T01:01:02.0000000-03:00"
"res/drawable-hdpi-v4/ic_call_answer_video_low.png","254","254","1981-01-01T01:01:02.0000000-03:00"
"res/drawable-hdpi-v4/ic_call_decline.png","375","375","1981-01-01T01:01:02.0000000-03:00"
"res/drawable-hdpi-v4/ic_call_decline_low.png","375","375","1981-01-01T01:01:02.0000000-03:00"
"res/drawable-hdpi-v4/notification_bg_low_normal.9.png","212","212","1981-01-01T01:01:02.0000000-03:00"
"res/drawable-hdpi-v4/notification_bg_low_pressed.9.png","225","225","1981-01-01T01:01:02.0000000-03:00"
"res/drawable-hdpi-v4/notification_bg_normal.9.png","212","212","1981-01-01T01:01:02.0000000-03:00"
"res/drawable-hdpi-v4/notification_bg_normal_pressed.9.png","225","225","1981-01-01T01:01:02.0000000-03:00"
"res/drawable-hdpi-v4/notification_oversize_large_icon_bg.png","909","909","1981-01-01T01:01:02.0000000-03:00"
"res/drawable-hdpi-v4/notify_panel_notification_icon_bg.png","107","107","1981-01-01T01:01:02.0000000-03:00"
"res/drawable-ldpi-v4/ic_call_answer.png","270","270","1981-01-01T01:01:02.0000000-03:00"
"res/drawable-ldpi-v4/ic_call_answer_low.png","270","270","1981-01-01T01:01:02.0000000-03:00"
"res/drawable-ldpi-v4/ic_call_answer_video.png","199","199","1981-01-01T01:01:02.0000000-03:00"
"res/drawable-ldpi-v4/ic_call_answer_video_low.png","199","199","1981-01-01T01:01:02.0000000-03:00"
"res/drawable-ldpi-v4/ic_call_decline.png","201","201","1981-01-01T01:01:02.0000000-03:00"
"res/drawable-ldpi-v4/ic_call_decline_low.png","201","201","1981-01-01T01:01:02.0000000-03:00"
"res/drawable-mdpi-v4/ic_call_answer.png","317","317","1981-01-01T01:01:02.0000000-03:00"
"res/drawable-mdpi-v4/ic_call_answer_low.png","317","317","1981-01-01T01:01:02.0000000-03:00"
"res/drawable-mdpi-v4/ic_call_answer_video.png","206","206","1981-01-01T01:01:02.0000000-03:00"
"res/drawable-mdpi-v4/ic_call_answer_video_low.png","206","206","1981-01-01T01:01:02.0000000-03:00"
"res/drawable-mdpi-v4/ic_call_decline.png","264","264","1981-01-01T01:01:02.0000000-03:00"
"res/drawable-mdpi-v4/ic_call_decline_low.png","264","264","1981-01-01T01:01:02.0000000-03:00"
"res/drawable-mdpi-v4/notification_bg_low_normal.9.png","215","215","1981-01-01T01:01:02.0000000-03:00"
"res/drawable-mdpi-v4/notification_bg_low_pressed.9.png","223","223","1981-01-01T01:01:02.0000000-03:00"
"res/drawable-mdpi-v4/notification_bg_normal.9.png","215","215","1981-01-01T01:01:02.0000000-03:00"
"res/drawable-mdpi-v4/notification_bg_normal_pressed.9.png","223","223","1981-01-01T01:01:02.0000000-03:00"
"res/drawable-mdpi-v4/notify_panel_notification_icon_bg.png","98","98","1981-01-01T01:01:02.0000000-03:00"
"res/drawable-v21/notification_action_background.xml","1180","467","1981-01-01T01:01:02.0000000-03:00"
"res/drawable-xhdpi-v4/ic_call_answer.png","623","623","1981-01-01T01:01:02.0000000-03:00"
"res/drawable-xhdpi-v4/ic_call_answer_low.png","623","623","1981-01-01T01:01:02.0000000-03:00"
"res/drawable-xhdpi-v4/ic_call_answer_video.png","290","290","1981-01-01T01:01:02.0000000-03:00"
"res/drawable-xhdpi-v4/ic_call_answer_video_low.png","290","290","1981-01-01T01:01:02.0000000-03:00"
"res/drawable-xhdpi-v4/ic_call_decline.png","452","452","1981-01-01T01:01:02.0000000-03:00"
"res/drawable-xhdpi-v4/ic_call_decline_low.png","452","452","1981-01-01T01:01:02.0000000-03:00"
"res/drawable-xhdpi-v4/notification_bg_low_normal.9.png","221","221","1981-01-01T01:01:02.0000000-03:00"
"res/drawable-xhdpi-v4/notification_bg_low_pressed.9.png","252","252","1981-01-01T01:01:02.0000000-03:00"
"res/drawable-xhdpi-v4/notification_bg_normal.9.png","221","221","1981-01-01T01:01:02.0000000-03:00"
"res/drawable-xhdpi-v4/notification_bg_normal_pressed.9.png","247","247","1981-01-01T01:01:02.0000000-03:00"
"res/drawable-xhdpi-v4/notify_panel_notification_icon_bg.png","138","138","1981-01-01T01:01:02.0000000-03:00"
"res/drawable-xxhdpi-v4/ic_call_answer.png","884","884","1981-01-01T01:01:02.0000000-03:00"
"res/drawable-xxhdpi-v4/ic_call_answer_low.png","884","884","1981-01-01T01:01:02.0000000-03:00"
"res/drawable-xxhdpi-v4/ic_call_answer_video.png","384","384","1981-01-01T01:01:02.0000000-03:00"
"res/drawable-xxhdpi-v4/ic_call_answer_video_low.png","384","384","1981-01-01T01:01:02.0000000-03:00"
"res/drawable-xxhdpi-v4/ic_call_decline.png","628","628","1981-01-01T01:01:02.0000000-03:00"
"res/drawable-xxhdpi-v4/ic_call_decline_low.png","628","628","1981-01-01T01:01:02.0000000-03:00"
"res/drawable-xxxhdpi-v4/ic_call_answer.png","1171","1171","1981-01-01T01:01:02.0000000-03:00"
"res/drawable-xxxhdpi-v4/ic_call_answer_low.png","1171","1171","1981-01-01T01:01:02.0000000-03:00"
"res/drawable-xxxhdpi-v4/ic_call_answer_video.png","465","465","1981-01-01T01:01:02.0000000-03:00"
"res/drawable-xxxhdpi-v4/ic_call_answer_video_low.png","465","465","1981-01-01T01:01:02.0000000-03:00"
"res/drawable-xxxhdpi-v4/ic_call_decline.png","823","823","1981-01-01T01:01:02.0000000-03:00"
"res/drawable-xxxhdpi-v4/ic_call_decline_low.png","823","823","1981-01-01T01:01:02.0000000-03:00"
"res/drawable/notification_bg.xml","532","252","1981-01-01T01:01:02.0000000-03:00"
"res/drawable/notification_bg_low.xml","532","252","1981-01-01T01:01:02.0000000-03:00"
"res/drawable/notification_icon_background.xml","372","184","1981-01-01T01:01:02.0000000-03:00"
"res/drawable/notification_tile_bg.xml","304","172","1981-01-01T01:01:02.0000000-03:00"
"res/layout-v21/notification_action.xml","1052","486","1981-01-01T01:01:02.0000000-03:00"
"res/layout-v21/notification_action_tombstone.xml","1228","535","1981-01-01T01:01:02.0000000-03:00"
"res/layout-v21/notification_template_custom_big.xml","2456","786","1981-01-01T01:01:02.0000000-03:00"
"res/layout-v21/notification_template_icon_group.xml","988","418","1981-01-01T01:01:02.0000000-03:00"
"res/layout/custom_dialog.xml","612","309","1981-01-01T01:01:02.0000000-03:00"
"res/layout/ime_base_split_test_activity.xml","364","201","1981-01-01T01:01:02.0000000-03:00"
"res/layout/ime_secondary_split_test_activity.xml","876","415","1981-01-01T01:01:02.0000000-03:00"
"res/layout/notification_template_part_chronometer.xml","440","260","1981-01-01T01:01:02.0000000-03:00"
"res/layout/notification_template_part_time.xml","440","262","1981-01-01T01:01:02.0000000-03:00"
"res/mipmap-hdpi-v4/ic_launcher.png","8661","8661","1981-01-01T01:01:02.0000000-03:00"
"res/mipmap-mdpi-v4/ic_launcher.png","4822","4822","1981-01-01T01:01:02.0000000-03:00"
"res/mipmap-xhdpi-v4/ic_launcher.png","13607","13607","1981-01-01T01:01:02.0000000-03:00"
"res/mipmap-xxhdpi-v4/ic_launcher.png","26069","26069","1981-01-01T01:01:02.0000000-03:00"
"res/mipmap-xxxhdpi-v4/ic_launcher.png","44570","44570","1981-01-01T01:01:02.0000000-03:00"
"res/xml/file_paths.xml","416","180","1981-01-01T01:01:02.0000000-03:00"
"resources.arsc","56040","56040","1981-01-01T01:01:02.0000000-03:00"
"DebugProbesKt.bin","1738","782","1981-01-01T01:01:02.0000000-03:00"
"META-INF/androidx.annotation_annotation-experimental.version","6","6","1981-01-01T01:01:02.0000000-03:00"
"META-INF/androidx.arch.core_core-runtime.version","67","61","1981-01-01T01:01:02.0000000-03:00"
"META-INF/androidx.core_core.version","7","7","1981-01-01T01:01:02.0000000-03:00"
"META-INF/androidx.interpolator_interpolator.version","6","6","1981-01-01T01:01:02.0000000-03:00"
"META-INF/androidx.lifecycle_lifecycle-runtime.version","72","61","1981-01-01T01:01:02.0000000-03:00"
"META-INF/androidx.profileinstaller_profileinstaller.version","6","6","1981-01-01T01:01:02.0000000-03:00"
"META-INF/androidx.startup_startup-runtime.version","6","6","1981-01-01T01:01:02.0000000-03:00"
"META-INF/androidx.tracing_tracing.version","6","6","1981-01-01T01:01:02.0000000-03:00"
"META-INF/androidx.versionedparcelable_versionedparcelable.version","6","6","1981-01-01T01:01:02.0000000-03:00"
"META-INF/kotlinx_coroutines_android.version","5","5","1981-01-01T01:01:02.0000000-03:00"
"META-INF/kotlinx_coroutines_core.version","5","5","1981-01-01T01:01:02.0000000-03:00"
"META-INF/services/kotlinx.coroutines.CoroutineExceptionHandler","54","50","1981-01-01T01:01:02.0000000-03:00"
"META-INF/services/kotlinx.coroutines.internal.MainDispatcherFactory","52","49","1981-01-01T01:01:02.0000000-03:00"
"kotlin/annotation/annotation.kotlin_builtins","1006","533","1981-01-01T01:01:02.0000000-03:00"
"kotlin/collections/collections.kotlin_builtins","8308","1834","1981-01-01T01:01:02.0000000-03:00"
"kotlin/concurrent/atomics/atomics.kotlin_builtins","2674","1082","1981-01-01T01:01:02.0000000-03:00"
"kotlin/coroutines/coroutines.kotlin_builtins","137","116","1981-01-01T01:01:02.0000000-03:00"
"kotlin/internal/internal.kotlin_builtins","590","357","1981-01-01T01:01:02.0000000-03:00"
"kotlin/kotlin.kotlin_builtins","29399","5342","1981-01-01T01:01:02.0000000-03:00"
"kotlin/ranges/ranges.kotlin_builtins","4184","1354","1981-01-01T01:01:02.0000000-03:00"
"kotlin/reflect/reflect.kotlin_builtins","4827","1435","1981-01-01T01:01:02.0000000-03:00"
"assets/resources/btn_dpad.png","16743","16743","1981-01-01T01:01:02.0000000-03:00"
"lib/arm64-v8a/libarmsx2_libretro_android.so","29820584","29820584","1981-01-01T01:01:02.0000000-03:00"
"lib/arm64-v8a/libc++_shared.so","1423696","1423696","1981-01-01T01:01:02.0000000-03:00"
"assets/resources/btn_a.png","16641","16641","1981-01-01T01:01:02.0000000-03:00"
"assets/resources/btn_b.png","15661","15661","1981-01-01T01:01:02.0000000-03:00"
"assets/resources/btn_l.png","12171","12171","1981-01-01T01:01:02.0000000-03:00"
"assets/resources/btn_minus.png","15004","15004","1981-01-01T01:01:02.0000000-03:00"
"assets/resources/btn_plus.png","13216","13216","1981-01-01T01:01:02.0000000-03:00"
"assets/resources/btn_r.png","13899","13899","1981-01-01T01:01:02.0000000-03:00"
"assets/resources/btn_x.png","16818","16818","1981-01-01T01:01:02.0000000-03:00"
"assets/resources/btn_y.png","15240","15240","1981-01-01T01:01:02.0000000-03:00"
"AndroidManifest.xml","9240","2499","1981-01-01T01:01:02.0000000-03:00"
"assets/bios/fbneo/neogeo.zip","1683506","1677487","1981-01-01T01:01:02.0000000-03:00"
"assets/bios/mame2003-plus/3dobios.zip","2351568","2350550","1981-01-01T01:01:02.0000000-03:00"
"assets/bios/mame2003-plus/airlbios.zip","702637","697786","1981-01-01T01:01:02.0000000-03:00"
"assets/bios/mame2003-plus/aleck64.zip","1826","1728","1981-01-01T01:01:02.0000000-03:00"
"assets/bios/mame2003-plus/alg3do.zip","84346","83712","1981-01-01T01:01:02.0000000-03:00"
"assets/bios/mame2003-plus/alg_bios.zip","143147","143032","1981-01-01T01:01:02.0000000-03:00"
"assets/bios/mame2003-plus/allied.zip","2948","2832","1981-01-01T01:01:02.0000000-03:00"
"assets/bios/mame2003-plus/ar_bios.zip","381078","379953","1981-01-01T01:01:02.0000000-03:00"
"assets/bios/mame2003-plus/aristmk5.zip","566233","553890","1981-01-01T01:01:02.0000000-03:00"
"assets/bios/mame2003-plus/atarisy1.zip","49173","48730","1981-01-01T01:01:02.0000000-03:00"
"assets/bios/mame2003-plus/awbios.zip","42296","24220","1981-01-01T01:01:02.0000000-03:00"
"assets/bios/mame2003-plus/bubsys.zip","7950","7802","1981-01-01T01:01:02.0000000-03:00"
"assets/bios/mame2003-plus/cdibios.zip","472798","472207","1981-01-01T01:01:02.0000000-03:00"
"assets/bios/mame2003-plus/cedmag.zip","1264","1246","1981-01-01T01:01:02.0000000-03:00"
"assets/bios/mame2003-plus/chihiro.zip","2194504","2190872","1981-01-01T01:01:02.0000000-03:00"
"assets/bios/mame2003-plus/coh1000a.zip","126281","125285","1981-01-01T01:01:02.0000000-03:00"
"assets/bios/mame2003-plus/coh1000c.zip","278492","276645","1981-01-01T01:01:02.0000000-03:00"
"assets/bios/mame2003-plus/coh1000t.zip","126296","125286","1981-01-01T01:01:02.0000000-03:00"
"assets/bios/mame2003-plus/coh1000w.zip","126169","125161","1981-01-01T01:01:02.0000000-03:00"
"assets/bios/mame2003-plus/coh1001l.zip","126207","125286","1981-01-01T01:01:02.0000000-03:00"
"assets/bios/mame2003-plus/coh1002e.zip","128648","127727","1981-01-01T01:01:02.0000000-03:00"
"assets/bios/mame2003-plus/coh1002m.zip","138610","137743","1981-01-01T01:01:02.0000000-03:00"
"assets/bios/mame2003-plus/coh1002v.zip","126336","125329","1981-01-01T01:01:02.0000000-03:00"
"assets/bios/mame2003-plus/coh3002c.zip","137963","137175","1981-01-01T01:01:02.0000000-03:00"
"assets/bios/mame2003-plus/coh3002t.zip","504359","498581","1981-01-01T01:01:02.0000000-03:00"
"assets/bios/mame2003-plus/cpzn1.zip","125571","124613","1981-01-01T01:01:02.0000000-03:00"
"assets/bios/mame2003-plus/cpzn2.zip","137827","137041","1981-01-01T01:01:02.0000000-03:00"
"assets/bios/mame2003-plus/crysbios.zip","43480","43269","1981-01-01T01:01:02.0000000-03:00"
"assets/bios/mame2003-plus/cubo.zip","673571","673572","1981-01-01T01:01:02.0000000-03:00"
"assets/bios/mame2003-plus/cvs.zip","1919","1833","1981-01-01T01:01:02.0000000-03:00"
"assets/bios/mame2003-plus/decocass.zip","7567","7191","1981-01-01T01:01:02.0000000-03:00"
"assets/bios/mame2003-plus/f355bios.zip","1381185","1375525","1981-01-01T01:01:02.0000000-03:00"
"assets/bios/mame2003-plus/f355dlx.zip","2315343","2305854","1981-01-01T01:01:02.0000000-03:00"
"assets/bios/mame2003-plus/galgbios.zip","672693","671779","1981-01-01T01:01:02.0000000-03:00"
"assets/bios/mame2003-plus/gp_110.zip","3162","3126","1981-01-01T01:01:02.0000000-03:00"
"assets/bios/mame2003-plus/gq863.zip","74484","72342","1981-01-01T01:01:02.0000000-03:00"
"assets/bios/mame2003-plus/gts1.zip","3756","3716","1981-01-01T01:01:02.0000000-03:00"
"assets/bios/mame2003-plus/hikaru.zip","1049242","1042577","1981-01-01T01:01:02.0000000-03:00"
"assets/bios/mame2003-plus/hng64.zip","16717","14769","1981-01-01T01:01:02.0000000-03:00"
"assets/bios/mame2003-plus/hod2bios.zip","1874145","1821615","1981-01-01T01:01:02.0000000-03:00"
"assets/bios/mame2003-plus/isgsm.zip","10207","9922","1981-01-01T01:01:02.0000000-03:00"
"assets/bios/mame2003-plus/konamigv.zip","81391","77669","1981-01-01T01:01:02.0000000-03:00"
"assets/bios/mame2003-plus/konamigx.zip","8712","8409","1981-01-01T01:01:02.0000000-03:00"
"assets/bios/mame2003-plus/kviper.zip","16899","16469","1981-01-01T01:01:02.0000000-03:00"
"assets/bios/mame2003-plus/lindbios.zip","1462963","1455431","1981-01-01T01:01:02.0000000-03:00"
"assets/bios/mame2003-plus/macsbios.zip","305290","303571","1981-01-01T01:01:02.0000000-03:00"
"assets/bios/mame2003-plus/maxaflex.zip","13673","13586","1981-01-01T01:01:02.0000000-03:00"
"assets/bios/mame2003-plus/megaplay.zip","49978","49331","1981-01-01T01:01:02.0000000-03:00"
"assets/bios/mame2003-plus/megatech.zip","8280","8218","1981-01-01T01:01:02.0000000-03:00"
"assets/bios/mame2003-plus/neogeo.zip","1859335","1852073","1981-01-01T01:01:02.0000000-03:00"
"assets/bios/mame2003-plus/nichidvd.zip","49667","48550","1981-01-01T01:01:02.0000000-03:00"
"assets/bios/mame2003-plus/nss.zip","33157","33075","1981-01-01T01:01:02.0000000-03:00"
"assets/bios/mame2003-plus/pgm.zip","2190092","2187699","1981-01-01T01:01:02.0000000-03:00"
"assets/bios/mame2003-plus/playch10.zip","15043","14673","1981-01-01T01:01:02.0000000-03:00"
"assets/bios/mame2003-plus/sammymdl.zip","24112","23419","1981-01-01T01:01:02.0000000-03:00"
"assets/bios/mame2003-plus/sfcbox.zip","242698","242591","1981-01-01T01:01:02.0000000-03:00"
"assets/bios/mame2003-plus/shtzone.zip","3354","3334","1981-01-01T01:01:02.0000000-03:00"
"assets/bios/mame2003-plus/skns.zip","783766","778332","1981-01-01T01:01:02.0000000-03:00"
"assets/bios/mame2003-plus/stvbios.zip","2204153","2198535","1981-01-01T01:01:02.0000000-03:00"
"assets/bios/mame2003-plus/su2000.zip","90751","86483","1981-01-01T01:01:02.0000000-03:00"
"assets/bios/mame2003-plus/sys246.zip","580144","576423","1981-01-01T01:01:02.0000000-03:00"
"assets/bios/mame2003-plus/sys256.zip","582132","578289","1981-01-01T01:01:02.0000000-03:00"
"assets/bios/mame2003-plus/sys573.zip","225992","222125","1981-01-01T01:01:02.0000000-03:00"
"assets/bios/mame2003-plus/taitofx1.zip","126160","125167","1981-01-01T01:01:02.0000000-03:00"
"assets/bios/mame2003-plus/taitotz.zip","77024","74856","1981-01-01T01:01:02.0000000-03:00"
"assets/bios/mame2003-plus/tourvis.zip","69276","67322","1981-01-01T01:01:02.0000000-03:00"
"assets/bios/mame2003-plus/tps.zip","138474","137626","1981-01-01T01:01:02.0000000-03:00"
"assets/bios/mame2003-plus/triforce.zip","2046800","2047412","1981-01-01T01:01:02.0000000-03:00"
"assets/bios/mame2003-plus/v4bios.zip","3775","3590","1981-01-01T01:01:02.0000000-03:00"
"assets/bios/neocd/000-lo.lo","131072","5988","1981-01-01T01:01:02.0000000-03:00"
"assets/bios/neocd/neocd.bin","524288","224761","1981-01-01T01:01:02.0000000-03:00"
"assets/bios/neocd/uni-bioscd.rom","524288","384817","1981-01-01T01:01:02.0000000-03:00"
"assets/bios/saturn_bios.bin","524288","460444","1981-01-01T01:01:02.0000000-03:00"
"classes.dex","7829036","3076626","1981-01-01T01:01:02.0000000-03:00"
"assets/bios/c52.bin","1024","955","1981-01-01T01:01:02.0000000-03:00"
"assets/bios/dc/awbios.zip","42296","24220","1981-01-01T01:01:02.0000000-03:00"
"assets/bios/o2rom.bin","1024","955","1981-01-01T01:01:02.0000000-03:00"
"org/apache/commons/codec/language/bm/ash_approx_any.txt","4708","1530","1981-01-01T01:01:02.0000000-03:00"
"org/apache/commons/codec/language/bm/ash_approx_common.txt","4971","1431","1981-01-01T01:01:02.0000000-03:00"
"org/apache/commons/codec/language/bm/ash_approx_cyrillic.txt","831","477","1981-01-01T01:01:02.0000000-03:00"
"org/apache/commons/codec/language/bm/ash_approx_english.txt","1489","740","1981-01-01T01:01:02.0000000-03:00"
"org/apache/commons/codec/language/bm/ash_approx_french.txt","1224","616","1981-01-01T01:01:02.0000000-03:00"
"org/apache/commons/codec/language/bm/ash_approx_german.txt","1852","759","1981-01-01T01:01:02.0000000-03:00"
"org/apache/commons/codec/language/bm/ash_approx_hebrew.txt","812","463","1981-01-01T01:01:02.0000000-03:00"
"org/apache/commons/codec/language/bm/ash_approx_hungarian.txt","830","476","1981-01-01T01:01:02.0000000-03:00"
"org/apache/commons/codec/language/bm/ash_approx_polish.txt","2228","785","1981-01-01T01:01:02.0000000-03:00"
"org/apache/commons/codec/language/bm/ash_approx_romanian.txt","830","477","1981-01-01T01:01:02.0000000-03:00"
"org/apache/commons/codec/language/bm/ash_approx_russian.txt","1427","676","1981-01-01T01:01:02.0000000-03:00"
"org/apache/commons/codec/language/bm/ash_approx_spanish.txt","830","476","1981-01-01T01:01:02.0000000-03:00"
"org/apache/commons/codec/language/bm/ash_exact_any.txt","1952","922","1981-01-01T01:01:02.0000000-03:00"
"org/apache/commons/codec/language/bm/ash_exact_approx_common.txt","1736","792","1981-01-01T01:01:02.0000000-03:00"
"org/apache/commons/codec/language/bm/ash_exact_common.txt","1095","591","1981-01-01T01:01:02.0000000-03:00"
"org/apache/commons/codec/language/bm/ash_exact_cyrillic.txt","830","476","1981-01-01T01:01:02.0000000-03:00"
"org/apache/commons/codec/language/bm/ash_exact_english.txt","830","476","1981-01-01T01:01:02.0000000-03:00"
"org/apache/commons/codec/language/bm/ash_exact_french.txt","830","476","1981-01-01T01:01:02.0000000-03:00"
"org/apache/commons/codec/language/bm/ash_exact_german.txt","826","474","1981-01-01T01:01:02.0000000-03:00"
"org/apache/commons/codec/language/bm/ash_exact_hebrew.txt","812","463","1981-01-01T01:01:02.0000000-03:00"
"org/apache/commons/codec/language/bm/ash_exact_hungarian.txt","830","476","1981-01-01T01:01:02.0000000-03:00"
"org/apache/commons/codec/language/bm/ash_exact_polish.txt","875","485","1981-01-01T01:01:02.0000000-03:00"
"org/apache/commons/codec/language/bm/ash_exact_romanian.txt","830","476","1981-01-01T01:01:02.0000000-03:00"
"org/apache/commons/codec/language/bm/ash_exact_russian.txt","831","470","1981-01-01T01:01:02.0000000-03:00"
"org/apache/commons/codec/language/bm/ash_exact_spanish.txt","830","476","1981-01-01T01:01:02.0000000-03:00"
"org/apache/commons/codec/language/bm/ash_hebrew_common.txt","2983","1028","1981-01-01T01:01:02.0000000-03:00"
"org/apache/commons/codec/language/bm/ash_lang.txt","4874","1538","1981-01-01T01:01:02.0000000-03:00"
"org/apache/commons/codec/language/bm/ash_languages.txt","888","508","1981-01-01T01:01:02.0000000-03:00"
"org/apache/commons/codec/language/bm/ash_rules_any.txt","9451","2832","1981-01-01T01:01:02.0000000-03:00"
"org/apache/commons/codec/language/bm/ash_rules_cyrillic.txt","2366","964","1981-01-01T01:01:02.0000000-03:00"
"org/apache/commons/codec/language/bm/ash_rules_english.txt","2970","1273","1981-01-01T01:01:02.0000000-03:00"
"org/apache/commons/codec/language/bm/ash_rules_french.txt","2274","958","1981-01-01T01:01:02.0000000-03:00"
"org/apache/commons/codec/language/bm/ash_rules_german.txt","2787","1065","1981-01-01T01:01:02.0000000-03:00"
"org/apache/commons/codec/language/bm/ash_rules_hebrew.txt","1472","680","1981-01-01T01:01:02.0000000-03:00"
"org/apache/commons/codec/language/bm/ash_rules_hungarian.txt","1960","873","1981-01-01T01:01:02.0000000-03:00"
"org/apache/commons/codec/language/bm/ash_rules_polish.txt","4167","1444","1981-01-01T01:01:02.0000000-03:00"
"org/apache/commons/codec/language/bm/ash_rules_romanian.txt","1526","711","1981-01-01T01:01:02.0000000-03:00"
"org/apache/commons/codec/language/bm/ash_rules_russian.txt","3980","1261","1981-01-01T01:01:02.0000000-03:00"
"org/apache/commons/codec/language/bm/ash_rules_spanish.txt","2073","963","1981-01-01T01:01:02.0000000-03:00"
"org/apache/commons/codec/language/bm/gen_approx_any.txt","4043","1506","1981-01-01T01:01:02.0000000-03:00"
"org/apache/commons/codec/language/bm/gen_approx_arabic.txt","991","536","1981-01-01T01:01:02.0000000-03:00"
"org/apache/commons/codec/language/bm/gen_approx_common.txt","5120","1466","1981-01-01T01:01:02.0000000-03:00"
"org/apache/commons/codec/language/bm/gen_approx_cyrillic.txt","831","479","1981-01-01T01:01:02.0000000-03:00"
"org/apache/commons/codec/language/bm/gen_approx_czech.txt","830","477","1981-01-01T01:01:02.0000000-03:00"
"org/apache/commons/codec/language/bm/gen_approx_dutch.txt","830","477","1981-01-01T01:01:02.0000000-03:00"
"org/apache/commons/codec/language/bm/gen_approx_english.txt","1489","740","1981-01-01T01:01:02.0000000-03:00"
"org/apache/commons/codec/language/bm/gen_approx_french.txt","942","507","1981-01-01T01:01:02.0000000-03:00"
"org/apache/commons/codec/language/bm/gen_approx_german.txt","1853","760","1981-01-01T01:01:02.0000000-03:00"
"org/apache/commons/codec/language/bm/gen_approx_greek.txt","830","477","1981-01-01T01:01:02.0000000-03:00"
"org/apache/commons/codec/language/bm/gen_approx_greeklatin.txt","845","485","1981-01-01T01:01:02.0000000-03:00"
"org/apache/commons/codec/language/bm/gen_approx_hebrew.txt","812","463","1981-01-01T01:01:02.0000000-03:00"
"org/apache/commons/codec/language/bm/gen_approx_hungarian.txt","831","478","1981-01-01T01:01:02.0000000-03:00"
"org/apache/commons/codec/language/bm/gen_approx_italian.txt","831","478","1981-01-01T01:01:02.0000000-03:00"
"org/apache/commons/codec/language/bm/gen_approx_polish.txt","2183","771","1981-01-01T01:01:02.0000000-03:00"
"org/apache/commons/codec/language/bm/gen_approx_portuguese.txt","830","477","1981-01-01T01:01:02.0000000-03:00"
"org/apache/commons/codec/language/bm/gen_approx_romanian.txt","830","477","1981-01-01T01:01:02.0000000-03:00"
"org/apache/commons/codec/language/bm/gen_approx_russian.txt","1437","685","1981-01-01T01:01:02.0000000-03:00"
"org/apache/commons/codec/language/bm/gen_approx_spanish.txt","868","496","1981-01-01T01:01:02.0000000-03:00"
"org/apache/commons/codec/language/bm/gen_approx_turkish.txt","830","477","1981-01-01T01:01:02.0000000-03:00"
"org/apache/commons/codec/language/bm/gen_exact_any.txt","1226","652","1981-01-01T01:01:02.0000000-03:00"
"org/apache/commons/codec/language/bm/gen_exact_approx_common.txt","1769","808","1981-01-01T01:01:02.0000000-03:00"
"org/apache/commons/codec/language/bm/gen_exact_arabic.txt","816","464","1981-01-01T01:01:02.0000000-03:00"
"org/apache/commons/codec/language/bm/gen_exact_common.txt","1093","589","1981-01-01T01:01:02.0000000-03:00"
"org/apache/commons/codec/language/bm/gen_exact_cyrillic.txt","830","479","1981-01-01T01:01:02.0000000-03:00"
"org/apache/commons/codec/language/bm/gen_exact_czech.txt","830","479","1981-01-01T01:01:02.0000000-03:00"
"org/apache/commons/codec/language/bm/gen_exact_dutch.txt","812","463","1981-01-01T01:01:02.0000000-03:00"
"org/apache/commons/codec/language/bm/gen_exact_english.txt","830","479","1981-01-01T01:01:02.0000000-03:00"
"org/apache/commons/codec/language/bm/gen_exact_french.txt","812","463","1981-01-01T01:01:02.0000000-03:00"
"org/apache/commons/codec/language/bm/gen_exact_german.txt","826","475","1981-01-01T01:01:02.0000000-03:00"
"org/apache/commons/codec/language/bm/gen_exact_greek.txt","812","463","1981-01-01T01:01:02.0000000-03:00"
"org/apache/commons/codec/language/bm/gen_exact_greeklatin.txt","817","464","1981-01-01T01:01:02.0000000-03:00"
"org/apache/commons/codec/language/bm/gen_exact_hebrew.txt","812","463","1981-01-01T01:01:02.0000000-03:00"
"org/apache/commons/codec/language/bm/gen_exact_hungarian.txt","812","463","1981-01-01T01:01:02.0000000-03:00"
"org/apache/commons/codec/language/bm/gen_exact_italian.txt","812","463","1981-01-01T01:01:02.0000000-03:00"
"org/apache/commons/codec/language/bm/gen_exact_polish.txt","874","484","1981-01-01T01:01:02.0000000-03:00"
"org/apache/commons/codec/language/bm/gen_exact_portuguese.txt","812","463","1981-01-01T01:01:02.0000000-03:00"
"org/apache/commons/codec/language/bm/gen_exact_romanian.txt","812","463","1981-01-01T01:01:02.0000000-03:00"
"org/apache/commons/codec/language/bm/gen_exact_russian.txt","831","470","1981-01-01T01:01:02.0000000-03:00"
"org/apache/commons/codec/language/bm/gen_exact_spanish.txt","832","471","1981-01-01T01:01:02.0000000-03:00"
"org/apache/commons/codec/language/bm/gen_exact_turkish.txt","812","463","1981-01-01T01:01:02.0000000-03:00"
"org/apache/commons/codec/language/bm/gen_hebrew_common.txt","2845","1040","1981-01-01T01:01:02.0000000-03:00"
"org/apache/commons/codec/language/bm/gen_lang.txt","7594","2276","1981-01-01T01:01:02.0000000-03:00"
"org/apache/commons/codec/language/bm/gen_languages.txt","951","544","1981-01-01T01:01:02.0000000-03:00"
"org/apache/commons/codec/language/bm/gen_rules_any.txt","13059","3899","1981-01-01T01:01:02.0000000-03:00"
"org/apache/commons/codec/language/bm/gen_rules_arabic.txt","2208","903","1981-01-01T01:01:02.0000000-03:00"
"org/apache/commons/codec/language/bm/gen_rules_cyrillic.txt","2300","971","1981-01-01T01:01:02.0000000-03:00"
"org/apache/commons/codec/language/bm/gen_rules_czech.txt","1561","745","1981-01-01T01:01:02.0000000-03:00"
"org/apache/commons/codec/language/bm/gen_rules_dutch.txt","1867","845","1981-01-01T01:01:02.0000000-03:00"
"org/apache/commons/codec/language/bm/gen_rules_english.txt","3013","1332","1981-01-01T01:01:02.0000000-03:00"
"org/apache/commons/codec/language/bm/gen_rules_french.txt","2778","1165","1981-01-01T01:01:02.0000000-03:00"
"org/apache/commons/codec/language/bm/gen_rules_german.txt","2735","1053","1981-01-01T01:01:02.0000000-03:00"
"org/apache/commons/codec/language/bm/gen_rules_greek.txt","2918","1129","1981-01-01T01:01:02.0000000-03:00"
"org/apache/commons/codec/language/bm/gen_rules_greeklatin.txt","3041","1196","1981-01-01T01:01:02.0000000-03:00"
"org/apache/commons/codec/language/bm/gen_rules_hebrew.txt","1462","685","1981-01-01T01:01:02.0000000-03:00"
"org/apache/commons/codec/language/bm/gen_rules_hungarian.txt","1887","860","1981-01-01T01:01:02.0000000-03:00"
"org/apache/commons/codec/language/bm/gen_rules_italian.txt","1873","814","1981-01-01T01:01:02.0000000-03:00"
"org/apache/commons/codec/language/bm/gen_rules_polish.txt","4112","1435","1981-01-01T01:01:02.0000000-03:00"
"org/apache/commons/codec/language/bm/gen_rules_portuguese.txt","2598","1096","1981-01-01T01:01:02.0000000-03:00"
"org/apache/commons/codec/language/bm/gen_rules_romanian.txt","1509","720","1981-01-01T01:01:02.0000000-03:00"
"org/apache/commons/codec/language/bm/gen_rules_russian.txt","3042","1115","1981-01-01T01:01:02.0000000-03:00"
"org/apache/commons/codec/language/bm/gen_rules_spanish.txt","2382","1086","1981-01-01T01:01:02.0000000-03:00"
"org/apache/commons/codec/language/bm/gen_rules_turkish.txt","1386","675","1981-01-01T01:01:02.0000000-03:00"
"org/apache/commons/codec/language/bm/lang.txt","803","456","1981-01-01T01:01:02.0000000-03:00"
"org/apache/commons/codec/language/bm/sep_approx_any.txt","830","475","1981-01-01T01:01:02.0000000-03:00"
"org/apache/commons/codec/language/bm/sep_approx_common.txt","3195","1131","1981-01-01T01:01:02.0000000-03:00"
"org/apache/commons/codec/language/bm/sep_approx_french.txt","812","463","1981-01-01T01:01:02.0000000-03:00"
"org/apache/commons/codec/language/bm/sep_approx_hebrew.txt","812","463","1981-01-01T01:01:02.0000000-03:00"
"org/apache/commons/codec/language/bm/sep_approx_italian.txt","830","477","1981-01-01T01:01:02.0000000-03:00"
"org/apache/commons/codec/language/bm/sep_approx_portuguese.txt","831","478","1981-01-01T01:01:02.0000000-03:00"
"org/apache/commons/codec/language/bm/sep_approx_spanish.txt","831","478","1981-01-01T01:01:02.0000000-03:00"
"org/apache/commons/codec/language/bm/sep_exact_any.txt","817","464","1981-01-01T01:01:02.0000000-03:00"
"org/apache/commons/codec/language/bm/sep_exact_approx_common.txt","1685","767","1981-01-01T01:01:02.0000000-03:00"
"org/apache/commons/codec/language/bm/sep_exact_common.txt","1109","635","1981-01-01T01:01:02.0000000-03:00"
"org/apache/commons/codec/language/bm/sep_exact_french.txt","815","465","1981-01-01T01:01:02.0000000-03:00"
"org/apache/commons/codec/language/bm/sep_exact_hebrew.txt","812","463","1981-01-01T01:01:02.0000000-03:00"
"org/apache/commons/codec/language/bm/sep_exact_italian.txt","812","463","1981-01-01T01:01:02.0000000-03:00"
"org/apache/commons/codec/language/bm/sep_exact_portuguese.txt","812","463","1981-01-01T01:01:02.0000000-03:00"
"org/apache/commons/codec/language/bm/sep_exact_spanish.txt","812","463","1981-01-01T01:01:02.0000000-03:00"
"org/apache/commons/codec/language/bm/sep_hebrew_common.txt","2187","908","1981-01-01T01:01:02.0000000-03:00"
"org/apache/commons/codec/language/bm/sep_lang.txt","2431","931","1981-01-01T01:01:02.0000000-03:00"
"org/apache/commons/codec/language/bm/sep_languages.txt","849","486","1981-01-01T01:01:02.0000000-03:00"
"org/apache/commons/codec/language/bm/sep_rules_any.txt","4632","1679","1981-01-01T01:01:02.0000000-03:00"
"org/apache/commons/codec/language/bm/sep_rules_french.txt","2224","949","1981-01-01T01:01:02.0000000-03:00"
"org/apache/commons/codec/language/bm/sep_rules_hebrew.txt","1459","682","1981-01-01T01:01:02.0000000-03:00"
"org/apache/commons/codec/language/bm/sep_rules_italian.txt","1848","807","1981-01-01T01:01:02.0000000-03:00"
"org/apache/commons/codec/language/bm/sep_rules_portuguese.txt","2573","1090","1981-01-01T01:01:02.0000000-03:00"
"org/apache/commons/codec/language/bm/sep_rules_spanish.txt","2480","1113","1981-01-01T01:01:02.0000000-03:00"
"org/apache/commons/codec/language/dmrules.txt","3545","1259","1981-01-01T01:01:02.0000000-03:00"
"lib/arm64-v8a/libSDL2.so","1239896","1239896","1981-01-01T01:01:02.0000000-03:00"
"lib/arm64-v8a/libdolphin_libretro_android.so","15806736","15806736","1981-01-01T01:01:02.0000000-03:00"
"lib/arm64-v8a/libmupen64plus_next_gles3_libretro_android.so","6199008","6199008","1981-01-01T01:01:02.0000000-03:00"
"lib/arm64-v8a/libyabasanshiro_libretro_android.so","1563040","1563040","1981-01-01T01:01:02.0000000-03:00"
"assets/packs/Dolphin.zip","3195803","2695235","1981-01-01T01:01:02.0000000-03:00"
"classes3.dex","65588","34399","1981-01-01T01:01:02.0000000-03:00"
"lib/arm64-v8a/libsuyu_libretro_android.so","35364768","35364768","1981-01-01T01:01:02.0000000-03:00"
"lib/arm64-v8a/libmain.so","3936200","3936200","1981-01-01T01:01:02.0000000-03:00"
